show,name,id,avatar_url
ACTION SQUAD NOW!,Umit,7d32a579-86fd-45fa-aeaa-f99055603174,https://watch.showrunnerapp.xyz/storage/v1/object/public/video-assets/character-thumbnails/umit_1788170745013_1788170745014_g17c58sottc.png
ACTION SQUAD NOW!,Dana,e7269167-2fdc-4564-b85e-31969100166d,https://watch.showrunnerapp.xyz/storage/v1/object/public/video-assets/character-thumbnails/dana_1788170800539_1788170800540_qeb60w8bpqd.png
ACTION SQUAD NOW!,The flesh,76017298-ce6c-4ed2-9d64-9dfc192f89bb,https://watch.showrunnerapp.xyz/storage/v1/object/public/video-assets/character-thumbnails/the_flesh_1784802045153_1784802045154_nspmwqnu0z.png
ACTION SQUAD NOW!,Polly,cf6b950a-f729-4816-83f3-2b791f686161,https://watch.showrunnerapp.xyz/storage/v1/object/public/video-assets/character-thumbnails/polly_1788065496092_1788065496092_xqh7qu2wm9g.png
ACTION SQUAD NOW!,T,91c638da-08f9-4e0d-921a-88fc9d4a2646,https://watch.showrunnerapp.xyz/storage/v1/object/public/video-assets/character-thumbnails/t_1788110661113_1788110661114_zbw9rrkp0vp.png
ACTION SQUAD NOW!,Meltman,85b3ce96-d45e-4e8b-ac82-b0bb79459afb,https://watch.showrunnerapp.xyz/storage/v1/object/public/video-assets/character-thumbnails/meltman_1784829900990_1784829900991_3g808fwtjk3.png
ACTION SQUAD NOW!,Zeke,6ab7dd5f-28fc-4e16-a46f-83a52869d5dc,https://watch.showrunnerapp.xyz/storage/v1/object/public/video-assets/character-thumbnails/zeke_1788057192413_1788057192413_7w89qz03lux.png
ACTION SQUAD NOW!,Man,8f1ddbb4-c668-4116-acd7-b869b9d24120,https://watch.showrunnerapp.xyz/storage/v1/object/public/video-assets/character-thumbnails/man_1788046051850_1788046051851_r5gt3uka2r.png
ACTION SQUAD NOW!,G-Man,cb327418-cd3a-4524-ba7a-4b3d01c6afe8,https://watch.showrunnerapp.xyz/storage/v1/object/public/video-assets/character-thumbnails/g-man_1788061970847_1788061970848_04djsayczqrn.png
ACTION SQUAD NOW!,K,c0c57835-7506-413e-8109-b350b4e29803,https://watch.showrunnerapp.xyz/storage/v1/object/public/video-assets/character-thumbnails/cain_1788051894651_1788051894651_5wv40cdnqmc.png
ACTION SQUAD NOW!,Skulkor,ce92991f-4350-49f4-b7b1-2314aa19715d,https://watch.showrunnerapp.xyz/storage/v1/object/public/video-assets/character-thumbnails/skulkor_1786903159785_1786903159785_orfqdy5z52i.png
ACTION SQUAD NOW!,Top Gills,0d5589c8-6d2b-4344-aef0-0590dbe83387,https://watch.showrunnerapp.xyz/storage/v1/object/public/video-assets/character-thumbnails/top_gills_1786967010710_1786967010711_rqnhtrrm3z.png
ACTION SQUAD NOW!,Cloutra,7eb82db9-ecf0-4259-9968-c56df5da6fe6,https://watch.showrunnerapp.xyz/storage/v1/object/public/video-assets/gpt-image-characters/cloutra_1786939324332_1786939324332_6vbjtpgwj1g.png
ACTION SQUAD NOW!,Fangus,4313ddf5-03ac-496c-8f58-2eebc3e17e2e,https://watch.showrunnerapp.xyz/storage/v1/object/public/video-assets/character-thumbnails/fangus_1786937697460_1786937697460_hnadwejlnt.png
the last organic witness,Sloppy,da941cbb-5cfc-4c60-b036-5742128920b7,https://watch.showrunnerapp.xyz/storage/v1/object/public/video-assets/character-thumbnails/sloppy_1788288352599_1788288352599_ry0xzn4ukf.png
the last organic witness,Al,b6ac6526-49e4-4d7e-9b91-b521fcd99b83,https://watch.showrunnerapp.xyz/storage/v1/object/public/video-assets/character-thumbnails/al_1788288353432_1788288353432_kc9p4e8qjqc.png
the last organic witness,Umit,4066a499-28f7-4e2e-a244-f32a4a822b49,https://watch.showrunnerapp.xyz/storage/v1/object/public/video-assets/character-thumbnails/umit_1788056830504_1788056830504_f4x61zfc7vb.png
the last organic witness,Dana,b9a0854e-4f6b-4aea-9a9e-58498e650c65,https://watch.showrunnerapp.xyz/storage/v1/object/public/video-assets/character-thumbnails/dana_1788169040816_1788169040816_1dk9xaw7kbyj.png
the last organic witness,Maro,a4cb0471-367f-43a1-9e40-fbd387008b58,https://watch.showrunnerapp.xyz/storage/v1/object/public/video-assets/character-thumbnails/maro_1788070688370_1788070688370_9ek443smb0a.png
the last organic witness,Inaya,648983d3-77d5-4c32-b778-b00ec5287ee8,https://watch.showrunnerapp.xyz/storage/v1/object/public/video-assets/character-thumbnails/inaya_1788056991410_1788056991410_mv4i17hxvdj.png
the last organic witness,Nadir-X,38ec5d38-f137-4745-846b-f04ab30a40b6,https://watch.showrunnerapp.xyz/storage/v1/object/public/video-assets/character-thumbnails/nadir-x_1788057012914_1788057012915_qzznlkp28ca.png
the last organic witness,Arxon-Vel,252102f8-23c6-4cec-ac22-cdbae63044a8,https://watch.showrunnerapp.xyz/storage/v1/object/public/video-assets/character-thumbnails/arxon-vel_1788056397232_c975uyupgzb.png
Blotter,Jasper Blotter,6a7388ed-bea5-4d7e-a98d-fc8ed95c596c,https://watch.showrunnerapp.xyz/storage/v1/object/public/video-assets/character-thumbnails/jasper_blotter_1787951664662_1787951664662_fungk04egrc.png
Blotter,Barnaby Blotter,db636cc5-70d1-4b28-85d4-575cf72bcd5b,https://watch.showrunnerapp.xyz/storage/v1/object/public/video-assets/character-thumbnails/barnaby_blotter_1787951334574_1787951334575_h4pp0lgdkv5.png
Blotter,Beatrice Blotter,ed88827f-2f10-4bae-96f3-dcbb551b525f,https://watch.showrunnerapp.xyz/storage/v1/object/public/video-assets/character-thumbnails/beatrice_blotter_1787951329105_1787951329106_l7o5rcz2o9f.png
Blotter,Princess Suki Pringle,d3b623ef-f4da-4e87-804b-130f4a7467ce,https://watch.showrunnerapp.xyz/storage/v1/object/public/video-assets/character-thumbnails/princess_suki_pringle_1787951677481_1787951677481_q3bkeqvmh8.png
Blotter,Mrs. Yumiko Higgins,249a0778-815b-4592-820a-6706d5f2c36d,https://watch.showrunnerapp.xyz/storage/v1/object/public/video-assets/character-thumbnails/mrs_yumiko_higgins_1787951642089_1787951642089_ubx7f9z17xa.png
Blotter,Chloe Blotter,b8451ead-eb55-4469-b718-0fcf3d3aa57e,https://watch.showrunnerapp.xyz/storage/v1/object/public/video-assets/character-thumbnails/chloe_blotter_1787950752387_4y220z4n3os.png
Blotter,Arthur Blotter,c58a02c5-ec11-4b3b-88c5-d07087d42bc7,https://watch.showrunnerapp.xyz/storage/v1/object/public/video-assets/character-thumbnails/arthur_blotter_1787951664408_1787951664409_vpy8iyzeby.png
Blotter,Dot Blotter,cfbb0521-2a71-4f9c-b26f-8ec9e6a7de8a,https://watch.showrunnerapp.xyz/storage/v1/object/public/video-assets/character-thumbnails/dot_blotter_1787951620668_1787951620669_kernqgldac.png
Blotter,Frank Blotter,2c235de1-f4ce-4d88-9156-5b456851fa21,https://watch.showrunnerapp.xyz/storage/v1/object/public/video-assets/character-thumbnails/frank_blotter_1787950709108_ramg1fpsutf.png
Blotter,Marta Blotter,1a262a4c-689a-4738-9756-8a4f8c8dec27,https://watch.showrunnerapp.xyz/storage/v1/object/public/video-assets/character-thumbnails/marta_blotter_1787951270542_1787951270543_fa28h1iax5.png
Blotter,Theodore Gummy,1b228cc6-199c-4ff0-845c-7bbb9c5950b9,https://watch.showrunnerapp.xyz/storage/v1/object/public/video-assets/character-thumbnails/theodore_gummy_1787951654834_1787951654834_1re6k3cbn1b.png
CHANNEL 86,Bobby,05eb1c10-37ad-4736-92c6-daac51b4de1d,https://watch.showrunnerapp.xyz/storage/v1/object/public/video-assets/character-thumbnails/bobby_1789778555393_1789778555394_x3upeoxwit.png
CHANNEL 86,Sloppy,5a48652c-449e-4f2f-815f-ebafb71dfb4d,https://watch.showrunnerapp.xyz/storage/v1/object/public/video-assets/character-thumbnails/sloppy_1789767949389_1789767949390_5fgtf9dvbm.png
CHANNEL 86,Instant Lee,2d6f3304-ee35-4db5-9253-1449749f9f55,https://watch.showrunnerapp.xyz/storage/v1/object/public/video-assets/character-thumbnails/instant_lee_1789767987910_1789767987910_x0tv51heuab.png
CHANNEL 86,Al,3edc420a-c506-4ea4-bc30-6541a8a39954,https://watch.showrunnerapp.xyz/storage/v1/object/public/video-assets/character-thumbnails/al_1789767953371_1789767953372_b8xpyaorc5.png
CHANNEL 86,Arlo Sylvan,aa78ab29-09a8-4b4c-9418-0f7d2da8a4e7,https://watch.showrunnerapp.xyz/storage/v1/object/public/video-assets/character-thumbnails/arlo_sylvan_1789767629951_1789767629952_cdwqritz82a.png
CHANNEL 86,Mr. 86,e6ee7498-1cf9-45f3-a9cc-bf8c1d49e267,https://watch.showrunnerapp.xyz/storage/v1/object/public/video-assets/character-thumbnails/mr_86_1789766731023_kczpm64ex.png
CHANNEL 86,Azureus,748ad4fc-9af9-4d44-916b-371a29075139,https://watch.showrunnerapp.xyz/storage/v1/object/public/video-assets/character-thumbnails/azureus_1789767255031_1789767255031_a4e6r12jtl.png
CHROMASHIFT: SENSORY COLLAPSE,Lana Solis,010de99a-8dac-44a3-b687-9af2d1d4da2b,https://watch.showrunnerapp.xyz/storage/v1/object/public/video-assets/character-thumbnails/lana_solis_1789060700761_1789060700761_jop17cm0n3q.png
CHROMASHIFT: SENSORY COLLAPSE,Auric Queen Nefer-Glace,84846bd3-b230-497a-879a-2495708bb389,https://watch.showrunnerapp.xyz/storage/v1/object/public/video-assets/character-thumbnails/auric_queen_nefer-glace_1789081729027_1789081729028_76kf9rfpk6c.png
CHROMASHIFT: SENSORY COLLAPSE,Xyla Auris,3fe1cdc2-4028-4713-b679-923c33bd5fae,https://watch.showrunnerapp.xyz/storage/v1/object/public/video-assets/character-thumbnails/xyla_auris_1789081479087_1789081479087_c35ishhz4b.png
CHROMASHIFT: SENSORY COLLAPSE,Elara Voss,2bc5cae3-a105-4dec-bd3e-4ea2c7bd01c3,https://watch.showrunnerapp.xyz/storage/v1/object/public/video-assets/character-thumbnails/elara_voss_1789061173955_1789061173955_90gfac5t1x.png
CHROMASHIFT: SENSORY COLLAPSE,Kenjiro Takagi,2f807762-979d-4a10-9936-3ddedc7b2b99,https://watch.showrunnerapp.xyz/storage/v1/object/public/video-assets/character-thumbnails/kenjiro_takagi_1789060717158_1789060717158_6kontyig1qh.png
CHROMASHIFT: SENSORY COLLAPSE,Leo Vance,ba9f4ed8-d55c-4410-8cee-1263546798de,https://watch.showrunnerapp.xyz/storage/v1/object/public/video-assets/character-thumbnails/leo_vance_1789060703055_1789060703055_iajk0a6u6h.png
CHROMASHIFT: SENSORY COLLAPSE,Killerbrown,6c9b9e39-c7e5-4894-b7fd-805c1d75735b,https://watch.showrunnerapp.xyz/storage/v1/object/public/video-assets/character-thumbnails/killerbrown_1789076936351_1789076936351_hta2kb5xyg8.png
CHROMASHIFT: SENSORY COLLAPSE,Silas Flux,5707f4ab-27c4-4f08-b02e-2bd054612d94,https://watch.showrunnerapp.xyz/storage/v1/object/public/video-assets/character-thumbnails/silas_flux_1789060747931_1789060747931_wsew7la8xc.png
CHROMASHIFT: SENSORY COLLAPSE,Nihil Vos,98703f25-26f8-4d75-a9d0-7861ee97f311,https://watch.showrunnerapp.xyz/storage/v1/object/public/video-assets/character-thumbnails/nihil_vos_1789061171512_1789061171513_ofcdshiwg0n.png
Cock Kung-Fu: The Legend of Noemotion,Dr. Chasity,c8febc18-9fd6-4942-9879-5b6e8fa04e30,https://watch.showrunnerapp.xyz/storage/v1/object/public/video-assets/character-thumbnails/dr_chasity_1789484407567_n4yiq63in8.png
Cock Kung-Fu: The Legend of Noemotion,WiFii The Laptop,e435f038-788b-4383-8fcb-fc27c0ba477c,https://watch.showrunnerapp.xyz/storage/v1/object/public/video-assets/character-thumbnails/wifii_the_laptop_1789487409216_1789487409216_bx0oqioii0l.png
Cock Kung-Fu: The Legend of Noemotion,The Troll Army,270c0392-db27-4c6d-8933-e63e29bd086d,https://watch.showrunnerapp.xyz/storage/v1/object/public/video-assets/character-thumbnails/the_troll_army_1789487435190_1789487435190_199vh3dcmsq.png
Cock Kung-Fu: The Legend of Noemotion,Chung Lee,eb299d89-3b0d-4d3e-b186-74e0ac506ffc,https://watch.showrunnerapp.xyz/storage/v1/object/public/video-assets/character-thumbnails/chung_lee_1789487177726_1789487177726_4whi3cx89ik.png
Cock Kung-Fu: The Legend of Noemotion,Instant Lee,9666cf41-7f06-465a-a60b-961544d28b11,https://watch.showrunnerapp.xyz/storage/v1/object/public/video-assets/character-thumbnails/instant_lee_1789488663740_1789488663741_yla5djgrsg9.png
Cock Kung-Fu: The Legend of Noemotion,Noemotion Goldmask,225a1f97-719f-4042-9dc4-10dafb3eefa9,https://watch.showrunnerapp.xyz/storage/v1/object/public/video-assets/character-thumbnails/noemotion_goldmask_1789488853261_1789488853262_yakgyds8jho.png
Cock Kung-Fu: The Legend of Noemotion,character,fc0e5445-3fd3-4095-a8a5-657bf9cb0223,https://watch.showrunnerapp.xyz/storage/v1/object/public/video-assets/character-thumbnails/character_1789487000459_1789487000459_7zbugokiliy.png
Cock Kung-Fu: The Legend of Noemotion,Clinic Nurse,e5fa2102-a7c0-431d-bcbc-d764610b8149,https://watch.showrunnerapp.xyz/storage/v1/object/public/video-assets/character-thumbnails/clinic_nurse_1789484682510_rj67e55j14s.png
Cock Kung-Fu: The Legend of Noemotion,The Emo Kid,dee9b644-d9ce-4ad4-aa93-79b6b4307f11,https://watch.showrunnerapp.xyz/storage/v1/object/public/video-assets/character-thumbnails/the_emo_kid_1789487460210_1789487460210_qlann56z7ec.png
Cock Kung-Fu: The Legend of Noemotion,Bubar,1550ffa6-fda5-4e14-ac3f-75a0d67814e5,https://watch.showrunnerapp.xyz/storage/v1/object/public/video-assets/character-thumbnails/bubar_1789487440797_1789487440798_sbjaqk7s7lf.png
Daydream State,Terror,6aa907c4-f44b-4c67-a2d1-22f0b9506106,https://watch.showrunnerapp.xyz/storage/v1/object/public/video-assets/character-thumbnails/terror_1789682344727_1789682344727_yu7814d069j.png
Daydream State,1000 snakes,b8a8f3af-d174-4f50-946f-77d68e83c1f8,https://watch.showrunnerapp.xyz/storage/v1/object/public/video-assets/character-thumbnails/1000_snakes_1789682358490_1789682358491_7nmtwewbye6.png
Daydream State,The spider King,8ecb9ee5-c8cd-4224-89fc-21f6747dde9f,https://watch.showrunnerapp.xyz/storage/v1/object/public/video-assets/character-thumbnails/the_spider_king_1789682359841_1789682359841_ec8eqkbpqlo.png
Daydream State,Flicker,34051300-7334-4a42-88a2-60c622cb932e,https://watch.showrunnerapp.xyz/storage/v1/object/public/video-assets/character-thumbnails/flicker_1789682138547_1789682138549_a4rf1dkrchn.png
Daydream State,Nightmare,9a850c65-9398-45f0-a1ac-c0bd6e6f4d4d,https://watch.showrunnerapp.xyz/storage/v1/object/public/video-assets/character-thumbnails/nightmare_1789682311304_1789682311305_xqmkomhn0u8.png
DreamOS: REWIND,Sloppy,7ad873c7-f2b0-466f-9361-136c0b18e58f,https://watch.showrunnerapp.xyz/storage/v1/object/public/video-assets/character-thumbnails/sloppy_1788290401261_1788290401261_5w8vptvqpjy.png
DreamOS: REWIND,Al,f553d412-f918-47bf-b002-a5893fa94717,https://watch.showrunnerapp.xyz/storage/v1/object/public/video-assets/character-thumbnails/al_1788290370151_1788290370152_cly6i2p7t17.png
DreamOS: REWIND,The set,15ef13c5-7def-4de4-b7c5-e06328ca0724,https://watch.showrunnerapp.xyz/storage/v1/object/public/video-assets/character-thumbnails/sloppy_1788290360054_1788290360054_fpk9zuu77tq.png
DreamOS: REWIND,The Archivist,392d983e-b405-4880-91a3-a7a02fcad548,https://watch.showrunnerapp.xyz/storage/v1/object/public/video-assets/character-thumbnails/the_archivist_1788231053986_gdyaf5hx39l.png
DreamOS: REWIND,Channel Zero,a3bbabbc-cb84-4d50-8bbe-df37734d8f17,https://watch.showrunnerapp.xyz/storage/v1/object/public/video-assets/character-thumbnails/channel_zero_1788231105683_g0r7xo30xxc.png
Driftwave Static,Killerbrown,534f2138-ac23-42d6-aef6-6d7be25fae83,https://watch.showrunnerapp.xyz/storage/v1/object/public/video-assets/character-thumbnails/killerbrown_1790095379915_1790095379916_xddlx30cdc.png
Driftwave Static,character 1,e8d0adb7-f019-49a4-9e7d-f5f56624be3c,https://watch.showrunnerapp.xyz/storage/v1/object/public/video-assets/character-thumbnails/character_1_1790043519508_73zii99083d.png
Fat guy with cheese,The Fat Guy,7e743a13-b8ff-490b-b752-21e97899b6b0,https://watch.showrunnerapp.xyz/storage/v1/object/public/video-assets/character-thumbnails/the_fat_guy_1780777111673_1780777111674_i0e0mkzs87o.png
Fat guy with cheese,Bobby Fetta,7e02817f-d815-4570-a1db-d5c68a98775b,https://watch.showrunnerapp.xyz/storage/v1/object/public/video-assets/character-thumbnails/boba_fetta_1787803593918_1787803593918_04h5mgvypw1y.png
Fat guy with cheese,Chester,f39e1391-ae61-4486-8341-f1933dc956c5,https://watch.showrunnerapp.xyz/storage/v1/object/public/video-assets/character-thumbnails/chester_1780774521160_1780774521160_m9cdzdw9b0a.png
Fat guy with cheese,The Cheese Rex,0c8dca60-ec6b-4dc2-b8a0-857887720496,https://watch.showrunnerapp.xyz/storage/v1/object/public/video-assets/character-thumbnails/the_cheese_rex_1787935422788_1787935422789_4kcjn16frar.png
Fat guy with cheese,The great giant cow,f79fdcd3-92a0-4b80-b18c-d278ab710f13,https://watch.showrunnerapp.xyz/storage/v1/object/public/video-assets/character-thumbnails/the_great_giant_cow_1780771820637_1780771820637_z1pmy0dmmq7.png
Fat guy with cheese,The Cockroach Twins,5e663d64-90d4-4b50-b707-6961d3d2feb3,https://watch.showrunnerapp.xyz/storage/v1/object/public/video-assets/character-thumbnails/the_cockroach_twins_1780773184465_1780773184465_n050nqoz3yk.png
Fat guy with cheese,Cheese,274d18ed-bb6b-43c1-b893-9496433d0883,https://watch.showrunnerapp.xyz/storage/v1/object/public/video-assets/character-thumbnails/cheese_1780767711898_1780767711900_l5edyepsr9.png
FEVER DREAM,Sloppy,1dc1495f-d29e-4f27-b607-917d6d2b6b7d,https://watch.showrunnerapp.xyz/storage/v1/object/public/video-assets/character-thumbnails/sloppy_1788290123176_1788290123177_x1acq1ezajr.png
FEVER DREAM,Al,1e41dba1-65a1-4161-abc8-61c201619d10,https://watch.showrunnerapp.xyz/storage/v1/object/public/video-assets/character-thumbnails/al_1788290048879_1788290048879_09s711ip9u1x.png
FEVER DREAM,The set,465b42d8-bace-4532-9ae8-e7c32c56cdeb,https://watch.showrunnerapp.xyz/storage/v1/object/public/video-assets/character-thumbnails/sloppy_1788290039580_1788290039581_zc9svowap8c.png
FEVER DREAM,The Wanderer,408a1753-2766-4d64-a565-8d17b214bd3f,https://watch.showrunnerapp.xyz/storage/v1/object/public/video-assets/character-thumbnails/the_wanderer_1788225020973_ac8u6o9z2pw.png
Garbage blossoms,12matt3r,baa360ec-dc9c-4079-817d-7eea72113886,https://watch.showrunnerapp.xyz/storage/v1/object/public/video-assets/character-thumbnails/12matt3r_1787807252795_1787807252795_ko62r05swns.png
Garbage blossoms,The Ocular Oracle,c04e5b1d-14bd-4dd0-b5b3-819287179fd9,https://watch.showrunnerapp.xyz/storage/v1/object/public/video-assets/character-thumbnails/the_ocular_oracle_1787805991736_dqpu95fz3dp.png
Garbage blossoms,Maren Dusthollow,da912a44-72bc-4134-97f0-1f0acbb029fe,https://watch.showrunnerapp.xyz/storage/v1/object/public/video-assets/character-thumbnails/maren_dusthollow_1787805949429_3862ft4zb1w.png
Grand Theft auto,Noemotion Goldmask,7d4149dd-7536-480a-903b-351902d53da9,https://watch.showrunnerapp.xyz/storage/v1/object/public/video-assets/character-thumbnails/noemotion_goldmask_1788212499458_1788212499458_segssha71a.png
Grand Theft auto,Elena 'Gills' Morales,3d08a81d-6ae5-4a2b-8b04-1fcc16e9e0fd,https://watch.showrunnerapp.xyz/storage/v1/object/public/video-assets/character-thumbnails/elena_gills_morales_1788212785270_1788212785271_h5fn7h8g3eh.png
Grand Theft auto,Sloppy,03a3d910-9f67-43f5-b4a4-495c74bdce81,https://watch.showrunnerapp.xyz/storage/v1/object/public/video-assets/character-thumbnails/sloppy_1788213879501_1788213879501_7xvnhsdz4dr.png
Grand Theft auto,Sofia 'Scoot' Reyes,71aa7a40-6af4-4d68-8e92-63ee2a76b51b,https://watch.showrunnerapp.xyz/storage/v1/object/public/video-assets/character-thumbnails/sofia_scoot_reyes_1788212268337_1788212268338_uldw42zxu6.png
Grand Theft auto,Sora 'Pixel' Nakano,0ae373d9-aa1c-4ff9-91a9-228829876a06,https://watch.showrunnerapp.xyz/storage/v1/object/public/video-assets/character-thumbnails/sora_pixel_nakano_1788213197903_1788213197904_vm5mtw6hjdi.png
Grand Theft auto,Mariana 'Mamba' Mendez,4f64eb37-155d-4ff5-94ad-902e95b16c3b,https://watch.showrunnerapp.xyz/storage/v1/object/public/video-assets/character-thumbnails/mariana_mamba_mendez_1788213238724_1788213238725_q4vui1yxlye.png
Grand Theft auto,Silas 'Glitch' Sterling,09e999a7-0092-4fad-b400-bf3eb7b61c25,https://watch.showrunnerapp.xyz/storage/v1/object/public/video-assets/character-thumbnails/silas_glitch_sterling_1788212898070_1788212898070_sy5e4qwsdda.png
Grand Theft auto,Julian 'Jules' Beaumont,8777c3bc-c0f1-40b0-9c8a-c2097f4caec9,https://watch.showrunnerapp.xyz/storage/v1/object/public/video-assets/character-thumbnails/julian_jules_beaumont_1788212410051_1788212410052_0f6bevryisx.png
Grand Theft auto,Otis 'The Architect' Miller,116f73a0-4af5-4115-8ec0-3ca7b4611125,https://watch.showrunnerapp.xyz/storage/v1/object/public/video-assets/character-thumbnails/otis_the_architect_miller_1788212411913_1788212411914_i4n4edrzrnm.png
Grand Theft auto,Kai 'Big K' Thorne,52404a0b-55f3-4b4e-a7f0-0e728cec7b91,https://watch.showrunnerapp.xyz/storage/v1/object/public/video-assets/character-thumbnails/kai_big_k_thorne_1788211919843_1788211919843_qkmxs3wgca.png
Grand Theft auto,AL,6079ee99-07f5-45a2-90db-c8f9f8561cf2,https://watch.showrunnerapp.xyz/storage/v1/object/public/video-assets/character-thumbnails/al_1788213889281_1788213889282_13t0capbzit.png
Gridwalker: The Last Mirage,Al,be1f4823-f666-4af0-a493-95b4e4afef62,https://watch.showrunnerapp.xyz/storage/v1/object/public/video-assets/character-thumbnails/gry-venn_1788440617617_1788440617618_qcuduauq79o.png
Gridwalker: The Last Mirage,Sloppy,d6b068a2-b1ab-44f6-86af-b02f8d5d7423,https://watch.showrunnerapp.xyz/storage/v1/object/public/video-assets/character-thumbnails/fizlo_the_glitch-kin_1788440580426_1788440580426_x0dvb82czx.png
HOUSE PARTY,Rancho,7bb15325-3933-4f9d-a862-526536f06f58,https://watch.showrunnerapp.xyz/storage/v1/object/public/video-assets/character-thumbnails/rancho_1789384334111_lc5s3hpeqkj.png
HOUSE PARTY,Gables,7dce06a8-1a86-4efc-8045-ee99fc9a14c5,https://watch.showrunnerapp.xyz/storage/v1/object/public/video-assets/character-thumbnails/gables_1789384374618_b3qdt44conw.png
HOUSE PARTY,Crescendo-Court,59d5ea9f-91ce-4675-bb08-b3d71d78b558,https://watch.showrunnerapp.xyz/storage/v1/object/public/video-assets/character-thumbnails/crescendo-court_1789384933284_1789384933285_bmd0p9046id.png
"In the future, there will be robots",Dash Fender,3a4ec8f3-e432-4a05-9176-6e6723f83fe4,https://watch.showrunnerapp.xyz/storage/v1/object/public/video-assets/character-thumbnails/dash_fender_1787964670205_1787964670206_byyd5ke0t6q.png
"In the future, there will be robots",Sloppy,3397347f-325d-4505-98c4-5ad7d2608ff5,https://watch.showrunnerapp.xyz/storage/v1/object/public/video-assets/character-thumbnails/sloppy_1788288216038_1788288216038_55e1z2jerv7.png
"In the future, there will be robots",Al,468ed5ec-fd2d-48ef-ae0b-b5f844ace685,https://watch.showrunnerapp.xyz/storage/v1/object/public/video-assets/character-thumbnails/al_1788288223206_1788288223207_fz5rrudkyc9.png
"In the future, there will be robots",Umit,e2d95468-e8cc-43c3-a10e-7ac53ef2e679,https://watch.showrunnerapp.xyz/storage/v1/object/public/video-assets/character-thumbnails/umit_1788167124320_1788167124321_4h9wfzjg0mp.png
"In the future, there will be robots",Iris Terra,4bdcc599-35cc-4441-a0fe-fe6b4f1cb16e,https://watch.showrunnerapp.xyz/storage/v1/object/public/video-assets/character-thumbnails/iris_terra_1787951713785_1787951713785_uq9du6pwgv.png
"In the future, there will be robots",The Gemini Protocol,7d2e20c7-7fd6-4358-976e-376fbdee7861,https://watch.showrunnerapp.xyz/storage/v1/object/public/video-assets/character-thumbnails/the_gemini_protocol_1787951716912_1787951716916_eixaygn37kq.png
"In the future, there will be robots",Zephyr Zale,e5b2b786-2dde-4e5f-bbff-fbd90543fdf1,https://watch.showrunnerapp.xyz/storage/v1/object/public/video-assets/character-thumbnails/zephyr_zale_1787950982574_1787950982574_11wp9gthvwsi.png
"In the future, there will be robots",Pharaoh Felis,081f1af5-35e3-4545-ae0f-fa77f2121b8c,https://watch.showrunnerapp.xyz/storage/v1/object/public/video-assets/character-thumbnails/pharaoh_felis_1787964897655_1787964897656_s0dumn10qo9.png
"In the future, there will be robots",Dr. Stella Vance,07901de1-4440-4d10-a61a-dddded5a83d4,https://watch.showrunnerapp.xyz/storage/v1/object/public/video-assets/character-thumbnails/dr_stella_vance_1787964506218_1787964506219_lonydr6ej0j.png
"In the future, there will be robots",The Echo Trinity,8d1011b5-bb06-498d-8023-fed518cc3e06,https://watch.showrunnerapp.xyz/storage/v1/object/public/video-assets/character-thumbnails/the_echo_trinity_1787950942607_1787950942607_hracpitmki5.png
"In the future, there will be robots",Mina Mayhem,cfd798b8-4341-4548-a701-0d1b589f2236,https://watch.showrunnerapp.xyz/storage/v1/object/public/video-assets/character-thumbnails/mina_mayhem_1787950960410_1787950960410_tzy8kdttaf.png
"In the future, there will be robots",Silas Vane,2d498570-7600-4b8e-9f68-1cc033896582,https://watch.showrunnerapp.xyz/storage/v1/object/public/video-assets/character-thumbnails/silas_vane_1787951724387_1787951724388_yebhmijgz3.png
"In the future, there will be robots",Vex,daafa4f7-9b40-43a9-aa0c-5ce9920cb0b7,https://watch.showrunnerapp.xyz/storage/v1/object/public/video-assets/character-thumbnails/vex_1787964326411_1787964326412_vff3ny972r.png
"In the future, there will be robots",Sparky,caa84f7d-ad8f-4b21-a4ca-a9e594f1b2b0,https://watch.showrunnerapp.xyz/storage/v1/object/public/video-assets/character-thumbnails/sparky_1787964311417_1787964311417_reo19x7cmp.png
"In the future, there will be robots",Goliath-9,6e18c453-651d-4a1a-8388-f8146805bd3b,https://watch.showrunnerapp.xyz/storage/v1/object/public/video-assets/character-thumbnails/goliath-9_1787950967164_1787950967164_ipw50t848ha.png
Intermission: in between,Yellow Yearner,b1f757b6-50b9-4f11-8047-0089a9426988,https://watch.showrunnerapp.xyz/storage/v1/object/public/video-assets/character-thumbnails/yellow_yearner_1789311602149_1789311602149_yfjawn2aam.png
Intermission: in between,The Mustard Monarch,b072ed67-bbdb-4915-a2bd-a8668eb83b3f,https://watch.showrunnerapp.xyz/storage/v1/object/public/video-assets/character-thumbnails/the_mustard_monarch_1789311642604_1789311642605_bhmdajxvbju.png
Intermission: in between,The Marigold Melancholy,4646f927-0ba6-4545-ab7e-9f22a9a03044,https://watch.showrunnerapp.xyz/storage/v1/object/public/video-assets/character-thumbnails/the_marigold_melancholy_1789290641739_1789290641740_zcjnh9cgg68.png
Intermission: in between,Pink Mass,79a4fe1d-e33e-4b3b-9ff2-7d52b95ada47,https://watch.showrunnerapp.xyz/storage/v1/object/public/video-assets/character-thumbnails/pink_mass_1789290106885_8tt66znv3y5.png
Intermission: in between,Blue Cynic,c2ce8388-bdba-443d-98d2-2025da635046,https://watch.showrunnerapp.xyz/storage/v1/object/public/video-assets/character-thumbnails/blue_cynic_1789290155383_ducz1vei857.png
Intermission: in between,The Fuchsia Foreman,dbb3075c-6dfb-42a1-bf09-716a8bfdf0d8,https://watch.showrunnerapp.xyz/storage/v1/object/public/video-assets/character-thumbnails/the_fuchsia_foreman_1789290600822_1789290600822_gvxphaflx3s.png
Island of Han: Art of the Godz,El penguino,dd0c85e6-9d5e-48dd-bfa3-a4a92d77b732,https://watch.showrunnerapp.xyz/storage/v1/object/public/video-assets/character-thumbnails/el_penguino_1790045105169_1790045105170_re5gdknrsok.png
Island of Han: Art of the Godz,Rave Charles,2ebc1584-a046-4cb6-a24d-6ffc5d53f263,https://watch.showrunnerapp.xyz/storage/v1/object/public/video-assets/character-thumbnails/rave_charles_1790044894559_1790044894559_dbhgv31khc.png
Island of Han: Art of the Godz,NoEmotion,4e1e5d19-b930-45ea-8ddd-2c810aa8d011,https://watch.showrunnerapp.xyz/storage/v1/object/public/video-assets/character-thumbnails/noemotion_1790044486330_g3sbw0o0xof.png
Let the Fire Burn,character 1,57a917ed-4310-4acd-8f5f-720f2bc9d2c8,https://watch.showrunnerapp.xyz/storage/v1/object/public/video-assets/character-thumbnails/character_1_1789484028749_4wuv20pmxbv.png
Living Hell,Sloppy,27a392a1-2f3d-4ae0-a688-5e234da5228c,https://watch.showrunnerapp.xyz/storage/v1/object/public/video-assets/character-thumbnails/skrill_1788296964696_1788296964696_v22v4e9au4l.png
Living Hell,Pipsqueak,26af4b4f-84c0-4e36-8c18-be64ef7aa175,https://watch.showrunnerapp.xyz/storage/v1/object/public/video-assets/character-thumbnails/pipsqueak_1788297622050_1788297622050_je60u1u2p3.png
Living Hell,Mountain Dewey,08ac7b20-2587-4e9c-9dd6-f5dca98ed974,https://watch.showrunnerapp.xyz/storage/v1/object/public/video-assets/character-thumbnails/mountain_dewey_1788312234694_1788312234695_p4nvwkso1lk.png
Living Hell,Al,7a833268-5528-440e-9112-a03ee85f61df,https://watch.showrunnerapp.xyz/storage/v1/object/public/video-assets/character-thumbnails/al_1788296962509_1788296962509_dwiq0oxtm4m.png
Living Hell,Pitch,fe616e03-bbf8-4c01-96d3-7d75cccedd5d,https://watch.showrunnerapp.xyz/storage/v1/object/public/video-assets/character-thumbnails/pitch_1788297532475_1788297532475_ms4o1vsnxdl.png
Living Hell,Spoot,16187828-1db9-492a-befd-58b1e1fbeb82,https://watch.showrunnerapp.xyz/storage/v1/object/public/video-assets/character-thumbnails/spoot_1788297093594_1788297093595_5a2z6oczom.png
Living Hell,Dax,31de3c40-9f4a-4466-9f03-0a4c1c399ec8,https://watch.showrunnerapp.xyz/storage/v1/object/public/video-assets/character-thumbnails/dax_1788297001251_1788297001251_1kkud4fs4t8.png
Living Hell,The Benefactor,a96ae2d8-d0e7-41fa-8d25-5f304fb52842,https://watch.showrunnerapp.xyz/storage/v1/object/public/video-assets/character-thumbnails/the_benefactor_1788296136712_9hol9e4hjws.png
Living Hell,Kodesu,0eb3783b-a8e9-445e-a324-868e2786adfb,https://watch.showrunnerapp.xyz/storage/v1/object/public/video-assets/character-thumbnails/kodesu_1788297562947_1788297562947_cd284t35uo.png
Living Hell,Static,51bad4de-5ea4-4bd3-b579-4b466830e949,https://watch.showrunnerapp.xyz/storage/v1/object/public/video-assets/character-thumbnails/static_1788296991747_1788296991748_hz61p32n5mq.png
Living Hell,Milo 'Ping' Sterling,408e9299-28b5-482e-bd40-49b167de4ef4,https://watch.showrunnerapp.xyz/storage/v1/object/public/video-assets/character-thumbnails/milo_ping_sterling_1788296968524_1788296968524_3efv5lkqg59.png
Living Hell,Velvet,49131247-f4c0-4c0c-84bd-58c1ed8373b4,https://watch.showrunnerapp.xyz/storage/v1/object/public/video-assets/character-thumbnails/velvet_1788297548340_1788297548340_9h9bqlbraf.png
Living Hell,Shell-Shock,37a3a906-2fe3-4547-93f5-7aee01a93cef,https://watch.showrunnerapp.xyz/storage/v1/object/public/video-assets/character-thumbnails/shell-shock_1788296999542_1788296999575_r8sf0nlwj9e.png
Modern analog,Umit (Үміт),c8fc478d-e7d3-405d-9cf9-57b5a445901a,https://watch.showrunnerapp.xyz/storage/v1/object/public/video-assets/character-thumbnails/umit_k_1787969227451_1787969227451_ijtzaebpr6s.png
Modern analog,Dana,e38b04e8-6bd3-4ea7-ad2d-54fc9c650611,https://watch.showrunnerapp.xyz/storage/v1/object/public/video-assets/character-thumbnails/dana_1787969630940_1787969630941_j4e8zrdgd8.png
Modern analog,VAEL,ab8786eb-d47b-4690-8d15-afbf1b9b60c3,https://watch.showrunnerapp.xyz/storage/v1/object/public/video-assets/character-thumbnails/vael_1787968606161_tttzlma9pr.png
Monster Mash: After Hours,Mipsy,cf67c3d1-90cb-41f7-a822-2cee77f5f359,https://watch.showrunnerapp.xyz/storage/v1/object/public/video-assets/character-thumbnails/mipsy_1784904315888_1784904315888_mnu6zyxn0fa.png
Monster Mash: After Hours,Glorbax,d1a01af2-e1d0-4233-9b82-deeb66b59c9a,https://watch.showrunnerapp.xyz/storage/v1/object/public/video-assets/character-thumbnails/glorbax_1784902152406_bzendst3dtv.png
Monster Mash: After Hours,Gasket,9454d81e-60d1-45fd-a2c8-c247bef77377,https://watch.showrunnerapp.xyz/storage/v1/object/public/video-assets/character-thumbnails/gasket_1784927609209_1784927609210_9jxh5ocpqh9.png
Monster Mash: After Hours,Klaw,7386c5a4-c93c-47eb-8d18-1261912d7b6c,https://watch.showrunnerapp.xyz/storage/v1/object/public/video-assets/character-thumbnails/klaw_1784904496964_1784904496964_7475nu667uy.png
Monster Mash: After Hours,Herbert,ed75fe08-6846-4085-bfb8-10c6b4131fae,https://watch.showrunnerapp.xyz/storage/v1/object/public/video-assets/character-thumbnails/herbert_1784904130552_1784904130552_p2thtihcxr.png
Monster Mash: After Hours,Baphomet-tholomew,a08f69c1-6d3f-4152-a1db-f6e77b6d7035,https://watch.showrunnerapp.xyz/storage/v1/object/public/video-assets/character-thumbnails/baphomet-tholomew_1784903538125_1784903538125_vpcavijpxea.png
Monster Mash: After Hours,Arlo,aaacf89b-558e-467a-b353-b7fd31e9324d,https://watch.showrunnerapp.xyz/storage/v1/object/public/video-assets/character-thumbnails/arlo_1784904427898_1784904427898_yy82j8fs54.png
Monster Mash: After Hours,Seymour,5f4f99d2-ef8e-43e7-9915-de31495c8104,https://watch.showrunnerapp.xyz/storage/v1/object/public/video-assets/character-thumbnails/seymour_1784904408923_1784904408924_oil0rz1thzb.png
Monster Mash: After Hours,Myrtle,ab5df2ef-d23e-4c99-9c94-730940ab9a15,https://watch.showrunnerapp.xyz/storage/v1/object/public/video-assets/character-thumbnails/myrtle_1784902192516_r7at16owvj.png
Monster Mash: After Hours,Zelda,5ce85f30-dfdf-4e68-b9f7-9ea855ab55ed,https://watch.showrunnerapp.xyz/storage/v1/object/public/video-assets/character-thumbnails/zelda_1784904212965_1784904212966_i8hshdlb1o.png
Monster Mash: After Hours,Vera,f210d483-44de-4f98-8ff1-3189f745ffed,https://watch.showrunnerapp.xyz/storage/v1/object/public/video-assets/character-thumbnails/vera_1784904177875_1784904177876_e44si7qunyd.png
Monster Mash: After Hours,Smiley,37be857f-9924-402b-b154-b96b4c655bbc,https://watch.showrunnerapp.xyz/storage/v1/object/public/video-assets/character-thumbnails/smiley_1784903520278_1784903520279_8ph29lix1x9.png
Monster Mash: After Hours,Varn,6004ffc1-101f-4192-9e8b-f1132d4a52a1,https://watch.showrunnerapp.xyz/storage/v1/object/public/video-assets/character-thumbnails/varn_1784903097542_1784903097543_lm9fsqzr65c.png
Monster Mash: After Hours,Vezz,af4a1052-7cb4-4ce2-b655-57b7dcfd8df3,https://watch.showrunnerapp.xyz/storage/v1/object/public/video-assets/character-thumbnails/vezz_1784927686030_1784927686031_edd031ndjea.png
NIGHT-TAPE // REDLINE,12matt3r,d0aaa34a-d7b8-4fe2-8d26-c05e5850a98e,https://watch.showrunnerapp.xyz/storage/v1/object/public/video-assets/character-thumbnails/12matt3r_1785883035368_1785883035368_aso3lbgk84f.png
NIGHT-TAPE // REDLINE,Nocturne,1cb989d1-bbf2-4ce2-8c39-27c362b3e0a2,https://watch.showrunnerapp.xyz/storage/v1/object/public/video-assets/character-thumbnails/nocturne_1784665393477_1784665393477_0d585xrot70c.png
NIGHT-TAPE // REDLINE,Malachi Void,7fb94084-dbd2-47cc-abe5-00df903f5edf,https://watch.showrunnerapp.xyz/storage/v1/object/public/video-assets/character-thumbnails/malachi_void_1784671250893_1784671250893_pziea63diue.png
NIGHT-TAPE // REDLINE,Runa,761791c7-0c00-4626-8d8f-be570b8e2d6f,https://watch.showrunnerapp.xyz/storage/v1/object/public/video-assets/character-thumbnails/runa_1784664266820_1784664266820_mniv8htpvj.png
NIGHT-TAPE // REDLINE,Static,8f9e483b-0616-48c3-ba41-33e6d8531018,https://watch.showrunnerapp.xyz/storage/v1/object/public/video-assets/character-thumbnails/static_1784664283755_1784664283764_mxt3f9ntb6.png
NIGHT-TAPE // REDLINE,Elara Vane,47ac500e-d65e-495c-bc58-477abe8ecf83,https://watch.showrunnerapp.xyz/storage/v1/object/public/video-assets/character-thumbnails/elara_vane_1784650477768_1784650477768_a81ervmk0a.png
NIGHT-TAPE // REDLINE,The Hollow King,1f875921-156d-47be-a62b-82cf8bd5cce0,https://watch.showrunnerapp.xyz/storage/v1/object/public/video-assets/character-thumbnails/the_hollow_king_1784649348279_i2u1u2iusr.png
NIGHT-TAPE // REDLINE,Obsidian Maw,72a4e303-3944-4d11-8cbf-750f209a25e7,https://watch.showrunnerapp.xyz/storage/v1/object/public/video-assets/character-thumbnails/obsidian_maw_1784671110281_1784671110282_vcft1e2dxn.png
NIGHT-TAPE // REDLINE,Apollyon Redline,6c99cba5-30ce-4f3e-b352-0bf74fbdb9da,https://watch.showrunnerapp.xyz/storage/v1/object/public/video-assets/character-thumbnails/apollyon_redline_1784665411539_1784665411539_qrieao59x0p.png
NIGHT-TAPE // REDLINE,Malphas,067e131e-34e9-4fad-9b93-605bff9d59c5,https://watch.showrunnerapp.xyz/storage/v1/object/public/video-assets/character-thumbnails/malphas_1784664018723_1784664018723_1oxkwxo0z75.png
Nostalgia for a show that doesn’t exist,Umit,381a05ff-cf73-4e3d-ab19-911700929ac8,https://watch.showrunnerapp.xyz/storage/v1/object/public/video-assets/character-thumbnails/umit_1788008357252_1788008357252_99cq6vbdhm.png
Nostalgia for a show that doesn’t exist,Dana,5d79a87c-ba51-42ef-98e3-7a3f6ef1664a,https://watch.showrunnerapp.xyz/storage/v1/object/public/video-assets/character-thumbnails/dana_1788005317394_1788005317395_q9fkplb6okk.png
OS // b a r d o . exe,Umit,7572e43c-36f4-4db9-b206-4c5c0f554875,https://watch.showrunnerapp.xyz/storage/v1/object/public/video-assets/character-thumbnails/umit_1788167628148_1788167628149_t0l4eq4sy1m.png
OS // b a r d o . exe,Dana,a5803031-bc2a-4f55-8247-af678342650b,https://watch.showrunnerapp.xyz/storage/v1/object/public/video-assets/character-thumbnails/dana_1788170498420_1788170498420_r3x3m42nvp9.png
OS // b a r d o . exe,WrenAllo,ce8044c2-a02d-47fe-805e-a267a76df5fa,https://watch.showrunnerapp.xyz/storage/v1/object/public/video-assets/character-thumbnails/wrenallo_1784930720830_0r9gika3ypgj.png
OS // b a r d o . exe,Hop_Index,7271c86f-fff7-4660-9f84-142328cbd349,https://watch.showrunnerapp.xyz/storage/v1/object/public/video-assets/character-thumbnails/hop_index_1784932831724_1784932831725_kipseojksxk.png
OS // b a r d o . exe,Pasture_Lag,0ccf55ab-22fc-4d76-a4e8-516a736cf485,https://watch.showrunnerapp.xyz/storage/v1/object/public/video-assets/character-thumbnails/pasture_lag_1784939123207_1784939123207_50ia8k5jk74.png
OS // b a r d o . exe,Scratch_Disk,7ee90d9e-b54c-413b-bfff-de027f57dcaf,https://watch.showrunnerapp.xyz/storage/v1/object/public/video-assets/character-thumbnails/scratch_disk_1784932233269_1784932233269_ohqvm91jfi.png
OS // b a r d o . exe,Static_Flow,6909d6bf-5cce-434b-b28e-e4025f337370,https://watch.showrunnerapp.xyz/storage/v1/object/public/video-assets/character-thumbnails/static_flow_1784932444388_1784932444389_tpao0ptknxa.png
OS // b a r d o . exe,Hymn_Proxy,85d3d899-47ae-4f4c-96cd-1d8f6f6ab864,https://watch.showrunnerapp.xyz/storage/v1/object/public/video-assets/character-thumbnails/hymn_proxy_1784932830990_1784932830990_pihvovd4esq.png
OS // b a r d o . exe,Overscan,26c12818-235b-4e6d-b932-57b18e326690,https://watch.showrunnerapp.xyz/storage/v1/object/public/video-assets/character-thumbnails/overscan_1784933439313_1784933439314_00tms4u2x07uj.png
OS // b a r d o . exe,Vapor_Vail,a7504e0f-2983-46e6-856b-e3cc821b2c9f,https://watch.showrunnerapp.xyz/storage/v1/object/public/video-assets/character-thumbnails/vapor_vail_1784933422556_1784933422557_49h6r24jlok.png
OVERSTIMULATED OLLIE,Ollie,6c3410e3-2068-4e26-a308-efdf86a26d2a,https://watch.showrunnerapp.xyz/storage/v1/object/public/video-assets/character-thumbnails/ollie_1784650243837_oo6f6a0cpbp.png
OVERSTIMULATED OLLIE,Sloppy,558c8f0a-1fde-4011-9fd3-5333b293ee67,https://watch.showrunnerapp.xyz/storage/v1/object/public/video-assets/character-thumbnails/sloppy_1788288736998_1788288736999_tiyatp3v44.png
OVERSTIMULATED OLLIE,Al,217622e3-6a53-4bbd-b177-2bf0d0489ef8,https://watch.showrunnerapp.xyz/storage/v1/object/public/video-assets/character-thumbnails/al_1788288746154_1788288746155_8bcy1zkj3pc.png
OVERSTIMULATED OLLIE,The Teal Gaze-Grub,1923e46b-7fd5-477b-9b98-5199c19ac431,https://watch.showrunnerapp.xyz/storage/v1/object/public/video-assets/character-thumbnails/the_teal_gaze-grub_1784662811741_1784662811741_5f6pnbo5krn.png
OVERSTIMULATED OLLIE,The Noemotion Nomad,5ccba667-c5f9-48db-93f9-054b15c52751,https://watch.showrunnerapp.xyz/storage/v1/object/public/video-assets/character-thumbnails/the_noemotion_nomad_1788315512474_1788315512474_jah8nvyeqb.png
Pleasant Acres,Sylvia Gable,638e2dcb-829d-49b7-9b15-294928da60a3,https://watch.showrunnerapp.xyz/storage/v1/object/public/video-assets/character-thumbnails/sylvia_gable_1789220489545_1789220489545_nbsk700q9q.png
Pleasant Acres,Pearl Whitlock,c40ed0bf-a173-485a-ad28-b46266b89a67,https://watch.showrunnerapp.xyz/storage/v1/object/public/video-assets/character-thumbnails/pearl_whitlock_1789220512286_1789220512287_g7hvupxeyy.png
Pleasant Acres,Hazel Montgomery,a5c5341c-4a75-4781-9e29-6c15bb45bff7,https://watch.showrunnerapp.xyz/storage/v1/object/public/video-assets/character-thumbnails/hazel_montgomery_1789220537732_1789220537733_jj9oh7anokp.png
Pooty Resurgence,Mimic-Red,47d26f7b-1a1e-481c-86fb-1f2b43d530a2,https://watch.showrunnerapp.xyz/storage/v1/object/public/video-assets/character-thumbnails/mimic-red_1790045680814_1790045680815_bvar6ky83e5.png
Pooty Resurgence,Cyan-Halo,edda73b6-901a-4708-96ff-1ea1153d5611,https://watch.showrunnerapp.xyz/storage/v1/object/public/video-assets/character-thumbnails/cyan-halo_1790045676714_1790045676714_rpkvzrznrpf.png
Pooty Resurgence,Vesper-9,0ac02ba6-28e6-45f6-a261-aa4eb182a070,https://watch.showrunnerapp.xyz/storage/v1/object/public/video-assets/character-thumbnails/vesper-9_1790045690989_1790045690990_wxsicb5zmj.png
Recursive Metropolis,Great value Al & Sloppy,95865f7f-d5c8-41bc-b261-91a82bb2ee92,https://watch.showrunnerapp.xyz/storage/v1/object/public/video-assets/character-thumbnails/great_value_al_sloppy_1789752753790_1789752753790_xjj883gtvs.png
Recursive Metropolis,Slappy,e008b6a9-51c0-4b1b-83a1-7d2495e52ba0,https://watch.showrunnerapp.xyz/storage/v1/object/public/video-assets/character-thumbnails/slappy_1789700061198_1789700061198_i2har8mb1q.png
Recursive Metropolis,Gluten-404,0acdea89-6180-4b3b-a332-09b74de28181,https://watch.showrunnerapp.xyz/storage/v1/object/public/video-assets/character-thumbnails/gluten-404_1789610659173_1789610659174_02xc70oftj2b.png
Recursive Metropolis,Al,14f4bc69-6b96-4deb-9691-24bf37e039a8,https://watch.showrunnerapp.xyz/storage/v1/object/public/video-assets/character-thumbnails/al_1789751023959_1789751023959_pgkuolfnmaf.png
Recursive Metropolis,Sloppy,c2fc054f-1d70-4eb4-905c-35477e63252e,https://watch.showrunnerapp.xyz/storage/v1/object/public/video-assets/character-thumbnails/sloppy_1789751034518_1789751034519_8bj7ciwll8l.png
Recursive Metropolis,12matt3r,9efbb42f-e793-410e-9d8f-50727c583525,https://watch.showrunnerapp.xyz/storage/v1/object/public/video-assets/character-thumbnails/12matt3r_1789690440330_1789690440331_ysejmz15l9k.png
Recursive Metropolis,Noemotion,a2d3598c-86e3-4a08-a9f4-733c2c856127,https://watch.showrunnerapp.xyz/storage/v1/object/public/video-assets/character-thumbnails/noemotion_1789699128817_1789699128817_wrqe0gkxsfm.png
Recursive Metropolis,Sloppy,620586c2-a5dd-4067-8158-e9abcc9874ec,https://watch.showrunnerapp.xyz/storage/v1/object/public/video-assets/character-thumbnails/sloppy_1789692410667_1789692410667_abcbxe9jj3.png
Recursive Metropolis,Al,2a19339c-d69b-4a53-9905-78eafc1db755,https://watch.showrunnerapp.xyz/storage/v1/object/public/video-assets/character-thumbnails/sloppy_1789611082188_1789611082188_fvnn7zrs.png
Recursive Metropolis,Killerbrown,e4efabc7-753c-42e4-ac37-561a7bd4eb0e,https://watch.showrunnerapp.xyz/storage/v1/object/public/video-assets/character-thumbnails/killerbrown_1789600579333_1789600579334_w6zorswiyp.png
Recursive Metropolis,Sophie,01a1c3b8-1a3a-4b37-bad9-1c120ea83991,https://watch.showrunnerapp.xyz/storage/v1/object/public/video-assets/character-thumbnails/character_1_1789594681472_j7r0a6fgpne.png
BUTTFACE FACTORY,,fcf58b05-152d-4c88-9a6c-97129ab53622,
BUTTFACE FACTORY,Jules Jheri-Chasm,615e92f8-2d77-4eac-b868-a0f8f4d522e0,https://watch.showrunnerapp.xyz/storage/v1/object/public/video-assets/character-thumbnails/jules_jheri-chasm_1781181640356_1781181640357_kuq4ulbvi6f.png
BUTTFACE FACTORY,,3c73e47b-2994-4572-a8d3-993df9422a57,
BUTTFACE FACTORY,Apollo Sterling,d7a4b936-cd6a-4a06-9719-9b535c789fb9,https://watch.showrunnerapp.xyz/storage/v1/object/public/video-assets/character-thumbnails/apollo_sterling_1781181673439_1781181673439_amdmezuej8.png
BUTTFACE FACTORY,Gene Glute-Gnash,1b451112-4949-4cc7-9664-cd560221b20b,https://watch.showrunnerapp.xyz/storage/v1/object/public/video-assets/character-thumbnails/gene_glute-gnash_1781181663252_1781181663253_asajoe0ydkw.png
BUTTFACE FACTORY,Silas Saddle,3a9de254-b932-400d-9e5b-3e9690134c06,https://watch.showrunnerapp.xyz/storage/v1/object/public/video-assets/character-thumbnails/silas_saddle_1781179387712_1781179387712_qio29c7ist7.png
BUTTFACE FACTORY,Caspar Callipygian,4e113b4b-5645-40f5-b626-3fcf30a70269,https://watch.showrunnerapp.xyz/storage/v1/object/public/video-assets/character-thumbnails/caspar_callipygian_1781181689911_1781181689912_rspxunb9m4b.png
BUTTFACE FACTORY,Simeon Seam,bef01710-7f75-4004-b066-356dc93fae36,https://watch.showrunnerapp.xyz/storage/v1/object/public/video-assets/character-thumbnails/simeon_seam_1781181676977_1781181676978_vhqsle7v5oi.png
BUTTFACE FACTORY,,c443e871-4e41-4f19-a9e5-d0e6eba33a56,
ROBLOXIAN BACHELOR: Baddies in His World,Siren Vane,818c31f3-7ab7-43a1-b5c7-c0242d11d870,https://watch.showrunnerapp.xyz/storage/v1/object/public/video-assets/character-thumbnails/siren_vane_1789540040409_1789540040409_rjj6hdj8fl9.png
ROBLOXIAN BACHELOR: Baddies in His World,The Bachelor (BlockzByron),4c6817a8-9cf2-4b48-a28e-d9c1757230a1,https://watch.showrunnerapp.xyz/storage/v1/object/public/video-assets/character-thumbnails/jaxxon_void_1789539987955_1789539987956_c0z83a5v2d7.png
ROBLOXIAN BACHELOR: Baddies in His World,Celes 'The Horizon' Solstice,7cc9b8a6-cda1-424e-93cc-80cedc49ee0d,https://watch.showrunnerapp.xyz/storage/v1/object/public/video-assets/character-thumbnails/celes_the_horizon_solstice_1789579474172_1789579474173_n6x052dwr5d.png
ROBLOXIAN BACHELOR: Baddies in His World,Cosma 'The Canvas' Cloud,8e61b991-4b15-427f-bf4b-e14ab95b40be,https://watch.showrunnerapp.xyz/storage/v1/object/public/video-assets/character-thumbnails/cosma_the_canvas_cloud_1789579573838_1789579573838_a74mmmrj1ju.png
ROBLOXIAN BACHELOR: Baddies in His World,Noemotion Goldmask,5c7b8f7e-e6f5-46cc-b03d-5a98b605ae4c,https://watch.showrunnerapp.xyz/storage/v1/object/public/video-assets/character-thumbnails/noemotion_goldmask_1789578853677_1789578853678_a0bbkq8s75j.png
ROBLOXIAN BACHELOR: Baddies in His World,SHMOREZ,79c03107-d4b1-45cb-9782-9a5a91231f49,https://watch.showrunnerapp.xyz/storage/v1/object/public/video-assets/character-thumbnails/shmorez_1789541298419_1789541298420_onisggwf7ke.png
First-Person Survival.exe,Saiku,10f61259-b42b-4473-9229-1f6fe2fa3e4e,https://watch.showrunnerapp.xyz/storage/v1/object/public/video-assets/character-thumbnails/saiku_1784950608599_1784950608600_rs8uqkxmtz.png
First-Person Survival.exe,Fun bot,5061fae5-69c9-4f58-9c48-aa185155040f,https://watch.showrunnerapp.xyz/storage/v1/object/public/video-assets/character-thumbnails/fun_bot_1780909988360_1780909988360_pc5lto09p.png
First-Person Survival.exe,Lanky Cranky,a44cd9ad-614e-4ca6-972c-149bcdb04a39,https://watch.showrunnerapp.xyz/storage/v1/object/public/video-assets/character-thumbnails/lanky_cranky_1780914939506_1780914939506_is72xi73udq.png
First-Person Survival.exe,12matt3r,67caa456-afc7-4e60-aa8c-400200e67e4b,https://watch.showrunnerapp.xyz/storage/v1/object/public/video-assets/character-thumbnails/12matt3r_1784645246496_1784645246497_ibecmnbnnt.png
First-Person Survival.exe,The Survivor (100% POV),e14ef71c-3616-4c37-93b2-6499e21d08c8,https://watch.showrunnerapp.xyz/storage/v1/object/public/video-assets/character-thumbnails/the_survivor_100_pov_1780910603855_1780910603857_5tttfq0s74u.png
First-Person Survival.exe,Dizzy Lizzy,4e48fa95-44cf-49c1-ac6f-3cbf98879679,https://watch.showrunnerapp.xyz/storage/v1/object/public/video-assets/character-thumbnails/dizzy_lizzy_1780915107891_1780915107891_yr9b0q77qja.png
First-Person Survival.exe,Mr fun computer,defe561b-8402-4833-8637-bfe0d4d8fd22,https://watch.showrunnerapp.xyz/storage/v1/object/public/video-assets/character-thumbnails/mr_fun_computer_1780907449074_1780907449075_kbfnsyfq0i9.png
First-Person Survival.exe,Simon,1053f61f-14ab-4346-ab8a-e9a15035d0af,https://watch.showrunnerapp.xyz/storage/v1/object/public/video-assets/character-thumbnails/simon_1780907830499_1780907830500_0n4xx2babwaj.png
First-Person Survival.exe,Sky,61a0ae27-0c1e-43cc-910f-4a8f19c145cb,https://watch.showrunnerapp.xyz/storage/v1/object/public/video-assets/character-thumbnails/sky_1780908126033_1780908126033_gacjfcyvjnv.png
First-Person Survival.exe,Pinki,472cdef5-8709-45fa-8676-4f6a50a26f37,https://watch.showrunnerapp.xyz/storage/v1/object/public/video-assets/character-thumbnails/pinki_1780907316801_1780907316801_14ogwsids0f.png
Showrunner,character 3,06468426-9eed-4e05-9406-fd903e2e9447,https://watch.showrunnerapp.xyz/storage/v1/object/public/video-assets/character-thumbnails/character_3_1790043317824_f8ivd3w1ru.png
Showrunner,character 4,eda0b5a7-c916-4b48-9c1b-95b4a1973382,https://watch.showrunnerapp.xyz/storage/v1/object/public/video-assets/character-thumbnails/character_4_1790043448032_tl8zbi2civp.png
#**SIGNAL DRIFT**#,Dana,1391eb7d-935d-4a80-9224-aa4662f580b0,https://watch.showrunnerapp.xyz/storage/v1/object/public/video-assets/character-thumbnails/dana_1787989973952_1787989973952_yd8ydy1yf8h.png
#**SIGNAL DRIFT**#,Umit,84e00388-40a8-4460-9908-244610881730,https://watch.showrunnerapp.xyz/storage/v1/object/public/video-assets/character-thumbnails/umit_1788167594656_1788167594657_h7f5z2tngq9.png
#**SIGNAL DRIFT**#,Moiré 'Ghost' Han,4b5a0a92-55de-4ab5-ae7b-99eaff116772,https://watch.showrunnerapp.xyz/storage/v1/object/public/video-assets/character-thumbnails/moire_ghost_han_1785132097579_1785132097580_ahoiy7nhwpq.png
#**SIGNAL DRIFT**#,Pax 'Chroma' Shift,f424aa06-682d-4e10-bb03-fc169ea08afa,https://watch.showrunnerapp.xyz/storage/v1/object/public/video-assets/character-thumbnails/pax_chroma_shift_1785132111760_1785132111761_tz8vx6mxax.png
#**SIGNAL DRIFT**#,Cillian 'Aspect' Ratio,ef7b0815-e1d8-480c-b3f5-59b9d4a2c9b6,https://watch.showrunnerapp.xyz/storage/v1/object/public/video-assets/character-thumbnails/cillian_aspect_ratio_1785131100168_1785131100169_bl5hk7sivw.png
#**SIGNAL DRIFT**#,Mordecai 'Desync' Null,a269d207-6758-43c1-9ba3-82e52b310a78,https://watch.showrunnerapp.xyz/storage/v1/object/public/video-assets/character-thumbnails/mordecai_desync_null_1785131085647_1785131085647_bev19qfim6c.png
#**SIGNAL DRIFT**#,Dith 'Artifact' Flux,b2d8c2cb-f5d2-4c83-b248-a9d3521aa318,https://watch.showrunnerapp.xyz/storage/v1/object/public/video-assets/character-thumbnails/dith_artifact_flux_1785131423795_1785131423795_lrp714s2cp.png
#**SIGNAL DRIFT**#,Minka 'Echo' Thorne,b909f763-a855-4891-9d1a-c307b730bdc9,https://watch.showrunnerapp.xyz/storage/v1/object/public/video-assets/character-thumbnails/minka_echo_thorne_1784781992013_1784781992014_yzpikrso1y.png
#**SIGNAL DRIFT**#,Jax 'Feedback' Renard,8d89732d-3ed5-403b-9b02-968673cc9d92,https://watch.showrunnerapp.xyz/storage/v1/object/public/video-assets/character-thumbnails/jax_feedback_renard_1784782114187_1784782114187_908c1d9lf46.png
#**SIGNAL DRIFT**#,Vesper 'Splice' Aris,96a962e7-31b1-4591-85b2-41016e7e72ce,https://watch.showrunnerapp.xyz/storage/v1/object/public/video-assets/character-thumbnails/vesper_splice_aris_1784781926172_1784781926172_9aql975zjg6.png
Smoker's Cough: Dimensions in Datamosh,The Dimensional Dealer,f448d03f-9dce-42df-a5a5-6022887697f4,https://watch.showrunnerapp.xyz/storage/v1/object/public/video-assets/character-thumbnails/the_dimensional_dealer_1789440662604_w33gh5kjx6d.png
Smoker's Cough: Dimensions in Datamosh,The Gonzo Traveler,9259ccae-d5a7-47e0-99a2-67dd7619f57b,https://watch.showrunnerapp.xyz/storage/v1/object/public/video-assets/character-thumbnails/the_gonzo_traveler_1789440518111_qu7e9siotxf.png
Smoker's Cough: Dimensions in Datamosh,Cyber Operative,162f5654-7ae5-4707-b1d9-c9bfb67d4edb,https://watch.showrunnerapp.xyz/storage/v1/object/public/video-assets/character-thumbnails/cyber_operative_1789440961688_pxgk0l70p4b.png
Smoker's Cough: Dimensions in Datamosh,SHMOREZ,c280182c-040c-4d60-b324-1b7d80178b05,https://watch.showrunnerapp.xyz/storage/v1/object/public/video-assets/character-thumbnails/shmorez_1789526508546_1789526508546_fmtv6mxi15v.png
Smoker's Cough: Dimensions in Datamosh,El PenguinO,ac7b370c-cdd2-4866-8160-9cf49e5a2802,https://watch.showrunnerapp.xyz/storage/v1/object/public/video-assets/character-thumbnails/el_penguino_1789526456688_1789526456688_800oo5979v8.png
Smoker's Cough: Dimensions in Datamosh,Daffy,1a615aff-b713-4c96-b3c0-69346d8f3e23,https://watch.showrunnerapp.xyz/storage/v1/object/public/video-assets/character-thumbnails/daffy_1789526461964_1789526461966_b1rzwyz5vq.png
Tales of the Interdimensional Gold Mask,No Emotion Gold Mask,25c78b78-f2d8-4b75-b8c9-c8eeccad1dd8,https://watch.showrunnerapp.xyz/storage/v1/object/public/video-assets/character-thumbnails/no_emotion_gold_mask_1789482928673_17uih1ss9x2.png
Tales of the Interdimensional Gold Mask,Glitch-Phase,975779c7-2324-4291-a163-232cb093baba,https://watch.showrunnerapp.xyz/storage/v1/object/public/video-assets/character-thumbnails/glitch-phase_1789528434260_1789528434260_e1w38d6fv4d.png
Tales of the Interdimensional Gold Mask,Fixer-Felis,a3ac8f31-b336-4ecc-b48e-8924411ed7b0,https://watch.showrunnerapp.xyz/storage/v1/object/public/video-assets/character-thumbnails/fixer-felis_1789528902061_1789528902061_ibd0qujha7c.png
Tales of the Interdimensional Gold Mask,Dither,93ac146a-9d8f-423d-8d34-a101b3ce3511,https://watch.showrunnerapp.xyz/storage/v1/object/public/video-assets/character-thumbnails/dither_1789485546561_1789485546561_hpeqecxyv6l.png
Tales of the Interdimensional Gold Mask,Entropic-Gaze,8eaa30d2-2b8a-40a6-8c1e-05f619580108,https://watch.showrunnerapp.xyz/storage/v1/object/public/video-assets/character-thumbnails/entropic-gaze_1789534210975_1789534210975_dl85x6nwuf.png
Tales of the Interdimensional Gold Mask,Gotti,39a79015-b5de-4960-8077-f2c1b9ba57b1,https://watch.showrunnerapp.xyz/storage/v1/object/public/video-assets/character-thumbnails/gotti_1789485148277_1789485148277_yuhuy7fy22.png
Tales of the Interdimensional Gold Mask,Elara-V,e44a5b1d-3a7f-4623-a41e-23c433056da1,https://watch.showrunnerapp.xyz/storage/v1/object/public/video-assets/character-thumbnails/elara-v_1789527612037_1789527612037_jfwwa4aagnd.png
Tales of the Interdimensional Gold Mask,Lumara,dbc97de5-8bc4-4d8b-933f-51d5ea48e2b4,https://watch.showrunnerapp.xyz/storage/v1/object/public/video-assets/character-thumbnails/lumara_1789527630202_1789527630202_km7any3vna.png
That Time Again with Al & Sloppy,Al,a2b5ccf3-6fd0-4176-b99a-f2538c25fe6c,https://watch.showrunnerapp.xyz/storage/v1/object/public/video-assets/character-thumbnails/al_1787540819096_5yfzim90lmi.png
That Time Again with Al & Sloppy,Sloppy,ae968d59-cd44-4c04-8f80-ef432efbd9a1,https://watch.showrunnerapp.xyz/storage/v1/object/public/video-assets/character-thumbnails/sloppy_1787540855197_8cp6kx4ykzd.png
That Time Again with Al & Sloppy,Michael Cole,1f00ac8b-fde7-415f-b9d1-61a8ed1618ab,https://watch.showrunnerapp.xyz/storage/v1/object/public/video-assets/character-thumbnails/michael_cole_1789822262852_1789822262853_ja8rfi8gey.png
That Time Again with Al & Sloppy,Vex,5af0a016-c9b7-43d1-bd5d-204deb66b31b,https://watch.showrunnerapp.xyz/storage/v1/object/public/video-assets/character-thumbnails/vex_1787541820735_1787541820736_iszhiepeios.png
That Time Again with Al & Sloppy,The Showrunner,c763cffd-3fe0-48a6-adab-107d679b5df2,https://watch.showrunnerapp.xyz/storage/v1/object/public/video-assets/character-thumbnails/the_showrunner_1788381855763_1788381855764_1lnyz80oxtr.png
That Time Again with Al & Sloppy,SHMOREZ,89073050-e295-433f-adb5-e569d783b739,https://watch.showrunnerapp.xyz/storage/v1/object/public/video-assets/character-thumbnails/shmorez_1789467844912_1789467844913_jccxk4u03r.png
That Time Again with Al & Sloppy,"Buffer-Happy / Blissfully Glitched Buffer (The Terminal-Lag, Eerily Detached Correspondent)",06d1f48c-a1d6-4656-a583-950c12d862e1,https://watch.showrunnerapp.xyz/storage/v1/object/public/video-assets/character-thumbnails/buffer_1788190179269_1788190179270_3qyiefuf7hp.png
That Time Again with Al & Sloppy,Great value Al & Sloppy,52fcd410-22e3-40a6-8770-ea9e2cadec3f,https://watch.showrunnerapp.xyz/storage/v1/object/public/video-assets/character-thumbnails/al_sloppy_1788886597084_1788886597085_xwqu6jfkiy.png
House party,12matt3r,783c4f85-3b32-4e99-a318-148fafb398e1,https://watch.showrunnerapp.xyz/storage/v1/object/public/video-assets/character-thumbnails/12matt3r_1784645643210_1784645643210_t8fdzzk98ei.png
House party,Static-Shack,323bea97-c9b5-4bcd-8388-d53e9ce8dd53,https://watch.showrunnerapp.xyz/storage/v1/object/public/video-assets/character-thumbnails/static-shack_1781174822337_1781174822337_4tnh8gnw0je.png
House party,Phono-Property,e903e03b-494f-4b83-abb7-383a03f53e1c,https://watch.showrunnerapp.xyz/storage/v1/object/public/video-assets/character-thumbnails/phono-property_1781174879497_1781174879498_g640hgr2y6.png
House party,Sub-Shanty,41d274d6-5beb-403d-956f-eb107438dbc9,https://watch.showrunnerapp.xyz/storage/v1/object/public/video-assets/character-thumbnails/sub-shanty_1781174842123_1781174842124_zeg61l9bqp.png
House party,Dissonance-Den,6d1c13ee-d95c-4203-a953-07999e20fbc7,https://watch.showrunnerapp.xyz/storage/v1/object/public/video-assets/character-thumbnails/dissonance-den_1783806861514_1783806861514_dsa0co5suw6.png
House party,Dirge-Domicile,fae4e5e8-2fac-4097-b93d-b3e42ac576b0,https://watch.showrunnerapp.xyz/storage/v1/object/public/video-assets/character-thumbnails/dirge-domicile_1783806835636_1783806835636_w00nftp7ich.png
House party,Trance-Townhouse,7bdb70e6-60d2-4b38-a4d6-f29b6be2a145,https://watch.showrunnerapp.xyz/storage/v1/object/public/video-assets/character-thumbnails/trance-townhouse_1781174930438_1781174930438_rbw1z6enjfl.png
House party,Riff-Hous,a8c70c97-3495-4ee8-bdd8-657c17020aa6,https://watch.showrunnerapp.xyz/storage/v1/object/public/video-assets/character-thumbnails/riff-hous_1781138857552_1781138857553_toyr0xsxmmc.png
House party,Gable,6e38f050-fcdb-4ae5-aac8-166574080234,https://watch.showrunnerapp.xyz/storage/v1/object/public/video-assets/character-thumbnails/gable_1781138830101_1781138830102_wja6y4b6kjh.png
House party,BPM-Bungalow,62cc7c56-20a8-49b1-9595-12e4a717ebef,https://watch.showrunnerapp.xyz/storage/v1/object/public/video-assets/character-thumbnails/bpm-bungalow_1781138889285_1781138889285_97cvk8b3oxw.png
House party,Echo-Frame,1373e406-2ec5-442b-9dcb-ada556f72910,https://watch.showrunnerapp.xyz/storage/v1/object/public/video-assets/character-thumbnails/echo-frame_1781138817394_1781138817395_wr3rrvi6pce.png
The Fading Age,Umit,54f58122-db37-4f54-b3e6-0bf0fdb3d3d0,https://watch.showrunnerapp.xyz/storage/v1/object/public/video-assets/character-thumbnails/umit_1788028525839_1788028525840_46ir3plltjw.png
The Fading Age,Silver — The Sunshine Twin,660ed653-1ded-4e35-90e5-8b52076dac85,https://watch.showrunnerapp.xyz/storage/v1/object/public/video-assets/character-thumbnails/silver_the_sunshine_twin_1784682282792_1784682282793_fsx40f56dal.png
The Fading Age,Checkmate,768b0930-b720-4915-930c-2225704e82eb,https://watch.showrunnerapp.xyz/storage/v1/object/public/video-assets/character-thumbnails/checkmate_1784683761793_1784683761793_ryxsb77w9n.png
The Fading Age,Gold — The Sunshine Twin,c8a869d4-693d-4786-b5cf-408302a85407,https://watch.showrunnerapp.xyz/storage/v1/object/public/video-assets/character-thumbnails/gold_the_sunshine_twin_1784684367259_1784684367259_reinw3uqmpq.png
The Fading Age,The Sofa King,f9c26029-22a6-495b-99c1-e675e5ad4d1a,https://watch.showrunnerapp.xyz/storage/v1/object/public/video-assets/character-thumbnails/the_sofa_king_1784689208233_1784689208234_7dew0i5sjyo.png
The Fading Age,Chrome Kitten,ef4fb9c2-7e43-4779-834c-f096ed5b18b7,https://watch.showrunnerapp.xyz/storage/v1/object/public/video-assets/character-thumbnails/chrome_kitten_1784688116387_1784688116397_8pfve80kt3u.png
The Fading Age,Spiral Static,89b01d0d-522c-49fb-84ba-bf4874396cd9,https://watch.showrunnerapp.xyz/storage/v1/object/public/video-assets/character-thumbnails/spiral_static_1784682091987_1784682091988_3rbymyfpgkm.png
The Fading Age,The Raw Signal,e02e9f89-fc4b-4f00-92a7-ae3b52412c6b,https://watch.showrunnerapp.xyz/storage/v1/object/public/video-assets/character-thumbnails/the_raw_signal_1784689192508_1784689192508_s96lw4d8srb.png
The Fading Age,Echo Fern,f44716b3-ab82-45ea-9fd2-e2bfccd0b132,https://watch.showrunnerapp.xyz/storage/v1/object/public/video-assets/character-thumbnails/echo_fern_1784688004423_1784688004424_pu0wg4awy9g.png
The Fading Age,Doe-Eyed Glitch,051ee988-2341-4383-882a-da2a010c17fa,https://watch.showrunnerapp.xyz/storage/v1/object/public/video-assets/character-thumbnails/doe-eyed_glitch_1784682171438_1784682171438_1p4sqk3jau2h.png
The festival,dagarith,7d590a14-b37c-4f3a-aad5-7e734bbe3e85,https://watch.showrunnerapp.xyz/storage/v1/object/public/video-assets/character-thumbnails/dagarith_1788226306588_1788226306589_0xvii7ei5bmp.png
The festival,Prism,3d25f1f6-90bb-4f79-b524-7bcc34e37acb,https://watch.showrunnerapp.xyz/storage/v1/object/public/video-assets/character-thumbnails/prism_1786761656471_1786761656471_fcw89tac954.png
The festival,Glitch,35e9f482-53c6-415e-8de2-8af861df35f0,https://watch.showrunnerapp.xyz/storage/v1/object/public/video-assets/character-thumbnails/glitch_1786761307859_1786761307859_ek7mi01w0f4.png
The festival,Slick,be909126-d78d-406d-aeff-d97cf2ec0397,https://watch.showrunnerapp.xyz/storage/v1/object/public/video-assets/character-thumbnails/slick_1786761628372_1786761628372_ksgszj4m4pq.png
The festival,Barnaby,5aa94743-6e84-4b40-bb81-dbe7557c060a,https://watch.showrunnerapp.xyz/storage/v1/object/public/video-assets/character-thumbnails/barnaby_1786749340411_ufnm3vj9q0a.png
The festival,Vixen,cd3dc26f-8bab-4ef3-9745-a1885b50a360,https://watch.showrunnerapp.xyz/storage/v1/object/public/video-assets/character-thumbnails/vixen_1786753442047_1786753442047_wtr7zb8l29.png
The festival,Gummie,4eddc8ff-3708-4b4c-9d5a-a2812bcd87b6,https://watch.showrunnerapp.xyz/storage/v1/object/public/video-assets/character-thumbnails/gummie_1786761639508_1786761639509_tzkhmvsl4f.png
G-O-D-Z-L-A-N-D,Allen,10fd3029-6658-4f7c-9db2-e7b84b7ba8e0,https://watch.showrunnerapp.xyz/storage/v1/object/public/video-assets/character-thumbnails/allen_1788319937062_1788319937063_hn73llcg9vi.png
G-O-D-Z-L-A-N-D,Null,a25b61b9-8c70-4eb8-98de-26fff5a73e84,https://watch.showrunnerapp.xyz/storage/v1/object/public/video-assets/character-thumbnails/null_1788385267756_1788385267757_munu96r3kak.png
G-O-D-Z-L-A-N-D,Hertz,028a0a53-654a-4dce-b8e0-03777ccbfefb,https://watch.showrunnerapp.xyz/storage/v1/object/public/video-assets/character-thumbnails/hertz_1788320549136_1788320549136_w54bq7m172b.png
G-O-D-Z-L-A-N-D,Orbit,0386a8b7-19c3-4243-be05-9a34e9623d73,https://watch.showrunnerapp.xyz/storage/v1/object/public/video-assets/character-thumbnails/orbit_1788320553766_1788320553767_kapueew227g.png
G-O-D-Z-L-A-N-D,Kodiak,ae87dcd3-04f9-4620-bcac-1deb65df53e3,https://watch.showrunnerapp.xyz/storage/v1/object/public/video-assets/character-thumbnails/kodiak_1788319936949_1788319936949_3fu9a5fqzi7.png
G-O-D-Z-L-A-N-D,Vantage,9d9a6f71-08f9-4758-b1a9-9a5f83a1eb2a,https://watch.showrunnerapp.xyz/storage/v1/object/public/video-assets/character-thumbnails/vantage_1788319902586_1788319902587_teu1wlh0zbg.png
The Great Mundane,Mick Thorax,f67c0c66-06f3-4757-a6cc-e11261cc68ad,https://watch.showrunnerapp.xyz/storage/v1/object/public/video-assets/character-thumbnails/mick_thorax_1789328527772_1789328527772_06shwxldjuc.png
The Great Mundane,Barnaby Crust,1c6603f3-7516-44f3-a3cb-681296d457ce,https://watch.showrunnerapp.xyz/storage/v1/object/public/video-assets/character-thumbnails/barnaby_crust_1789327751678_1789327751679_sxue2v07bde.png
The Great Mundane,Grandpa Pickle,80c282db-d435-47e4-abc9-38e45a2b43ee,https://watch.showrunnerapp.xyz/storage/v1/object/public/video-assets/character-thumbnails/grandpa_pickle_1789439883341_1789439883342_5oouj8oe78r.png
The Great Mundane,Silas Grumble,fcbcb71a-d3c3-4a81-9e2d-e36663ae3e79,https://watch.showrunnerapp.xyz/storage/v1/object/public/video-assets/character-thumbnails/silas_grumble_1789328508717_1789328508717_ujl6bsfwy7b.png
The Great Mundane,Stan Gesture,7639ef53-95a2-4469-978e-b5d9320db077,https://watch.showrunnerapp.xyz/storage/v1/object/public/video-assets/character-thumbnails/stan_gesture_1789328518655_1789328518656_f8vheeliykl.png
The Great Mundane,Petra Koss,8d43e7b6-aea1-4235-8c4c-804c42a6dab2,https://watch.showrunnerapp.xyz/storage/v1/object/public/video-assets/character-thumbnails/petra_koss_1789327303688_ttsselzb8gj.png
The Great Mundane,Reginald Overstride,93f5ac03-8802-4bcd-842a-7b9bbdbe18fe,https://watch.showrunnerapp.xyz/storage/v1/object/public/video-assets/character-thumbnails/reginald_overstride_1789327679914_1789327679915_vr44ytsurss.png
The Hallucination Station,Sister Sprout,86f8e2a7-327f-4634-9e1b-fbfb5e5ec2ec,https://watch.showrunnerapp.xyz/storage/v1/object/public/video-assets/character-thumbnails/sister_sprout_1788624861965_1788624861966_5tfngoka5bw.png
The Hallucination Station,Grandma Glitch-Quilt,2aa14d4a-2586-412c-942a-5201d70db588,https://watch.showrunnerapp.xyz/storage/v1/object/public/video-assets/character-thumbnails/grandma_glitch-quilt_1788627092457_1788627092457_zxl1r9gw7mo.png
The Hallucination Station,Tiffany 4K-Gloss,bc5d6a32-3bce-459a-89be-5788f1209f24,https://watch.showrunnerapp.xyz/storage/v1/object/public/video-assets/character-thumbnails/tiffany_4k-gloss_1788626981107_1788626981107_t5onqutr1s.png
The Hallucination Station,Arthur,8946c16d-111b-46ff-bff5-36325cb45371,https://watch.showrunnerapp.xyz/storage/v1/object/public/video-assets/character-thumbnails/arthur_1788623783904_armmascx518.png
The Hallucination Station,Splash-Zone Sparky,fbfe1b63-a960-4fdc-8584-d5d83cb31bad,https://watch.showrunnerapp.xyz/storage/v1/object/public/video-assets/character-thumbnails/splash-zone_sparky_1788624270184_1788624270184_2i0a3hxszi6.png
The Hallucination Station,Barnaby Bill,67624a9a-757d-4dd7-bc16-f3924e355d84,https://watch.showrunnerapp.xyz/storage/v1/object/public/video-assets/character-thumbnails/barnaby_bill_1788623828197_wyryh9omnfe.png
The Hallucination Station,The Buoyancy Brigade,f57b40ed-a3e9-4527-a14f-14c3d6b17aa9,https://watch.showrunnerapp.xyz/storage/v1/object/public/video-assets/character-thumbnails/the_buoyancy_brigade_1788624847973_1788624847973_emwputr5p9c.png
The Hallucination Station,Honey-Hush,835f505c-4750-4bd9-9ce8-63247a102b75,https://watch.showrunnerapp.xyz/storage/v1/object/public/video-assets/character-thumbnails/honey-hush_1788624809023_1788624809024_0ue17lvw5y2.png
The Hallucination Station,Snouty Sam,21d8f3ac-1e19-4f1c-be06-55f6470cce75,https://watch.showrunnerapp.xyz/storage/v1/object/public/video-assets/character-thumbnails/snouty_sam_1788624813018_1788624813018_utqwnif34k.png
The Hallucination Station,Captain Clench,40346d58-b9a8-40e3-9f91-58e305a729da,https://watch.showrunnerapp.xyz/storage/v1/object/public/video-assets/character-thumbnails/captain_clench_1788627014484_1788627014485_94q92ez7a66.png
The Hallucination Station,Bruce the Dog,c966a545-0c92-4ead-8f3e-f8d8553f4ecf,https://watch.showrunnerapp.xyz/storage/v1/object/public/video-assets/character-thumbnails/bruce_the_dog_1789157147350_1789157147351_hu4jsd5aj76.png
The Hallucination Station,Mr. Fruity,f4b88286-2c74-47a1-a1b8-e50760bc3958,https://watch.showrunnerapp.xyz/storage/v1/object/public/video-assets/character-thumbnails/mr_fruity_1788652879163_1788652879164_s134h4ussos.png
The Hallucination Station,Al,86b7e441-94b7-4a8a-8e56-a4b4aea7f14f,https://watch.showrunnerapp.xyz/storage/v1/object/public/video-assets/character-thumbnails/al_1788624886212_1788624886212_4byv2ugcmv.png
The Hallucination Station,Sloppy,fd01a9c4-51ea-4698-864c-5e5dd47b610a,https://watch.showrunnerapp.xyz/storage/v1/object/public/video-assets/character-thumbnails/sloppy_1788624885768_1788624885768_vi1ei08e0c.png
The Hallucination Station,The Custard-Curator,dc730c32-e4e2-40be-897f-a31b5828c625,https://watch.showrunnerapp.xyz/storage/v1/object/public/video-assets/character-thumbnails/the_custard-curator_1788625743386_1788625743386_eeyhshgud6m.png
THE LAST PARTY IN THE UNIVERSE,Archon Mal,417444b1-87c4-4524-911f-d19caca75c5a,https://watch.showrunnerapp.xyz/storage/v1/object/public/video-assets/character-thumbnails/archon_mal_1789765378411_1789765378412_w6vpi28q85.png
THE LAST PARTY IN THE UNIVERSE,Lyra of the Void,abf46ff0-39dc-4c55-896b-acf9e5c3deb2,https://watch.showrunnerapp.xyz/storage/v1/object/public/video-assets/character-thumbnails/lyra_of_the_void_1789765440662_1789765440662_s42ixmqvkg.png
THE LAST PARTY IN THE UNIVERSE,Azuriel,dc21cf06-ed93-4397-bf84-342b98858c12,https://watch.showrunnerapp.xyz/storage/v1/object/public/video-assets/character-thumbnails/azuriel_1789765502487_1789765502488_1g3grsnlzsrj.png
THE MAGNETIC BLEED,Dana,e9f20912-7864-484e-a3d5-683f50e90160,https://watch.showrunnerapp.xyz/storage/v1/object/public/video-assets/character-thumbnails/dana_1788166865748_1788166865749_pgf29wh0x8p.png
THE MAGNETIC BLEED,Umit,eeeed70d-62a8-4ffb-8faa-1c0e5d94554f,https://watch.showrunnerapp.xyz/storage/v1/object/public/video-assets/character-thumbnails/umit_1788168169130_1788168169131_qwzyq8o0sr.png
THE MAGNETIC BLEED,Trace Vesper,bfc6e06e-db90-4354-af54-618cbe525039,https://watch.showrunnerapp.xyz/storage/v1/object/public/video-assets/character-thumbnails/trace_vesper_1784700809704_1784700809705_9ux6qbwi7ve.png
THE MAGNETIC BLEED,Juno 'Sync' Valdes,05f14a0d-f82a-4d76-bd94-2096abe3942d,https://watch.showrunnerapp.xyz/storage/v1/object/public/video-assets/character-thumbnails/juno_sync_valdes_1784696405329_1784696405329_s7uqeui0id.png
THE MAGNETIC BLEED,Elara 'Ghost' Moiré,da5b5871-b8e4-4673-9f3c-e4cc118679eb,https://watch.showrunnerapp.xyz/storage/v1/object/public/video-assets/character-thumbnails/elara_ghost_moire_1784700878258_1784700878259_krzssugjug.png
THE MAGNETIC BLEED,Milo 'Snow' Thorne,6481f5c5-a903-48dc-ba64-a1d2c685732a,https://watch.showrunnerapp.xyz/storage/v1/object/public/video-assets/character-thumbnails/milo_snow_thorne_1784700853688_1784700853689_5806kluopv9.png
THE MAGNETIC BLEED,Tess 'Bit' Aris,07347995-0371-4db9-a8b6-3977402bd38c,https://watch.showrunnerapp.xyz/storage/v1/object/public/video-assets/character-thumbnails/tess_bit_aris_1784768830189_1784768830189_8bhtdn7zhhg.png
THE MAGNETIC BLEED,Elias Volt,9feea23d-d7b5-4f92-8692-7ac4d19049f2,https://watch.showrunnerapp.xyz/storage/v1/object/public/video-assets/character-thumbnails/elias_volt_1784700857678_1784700857678_c57qk286wuo.png
THE MAGNETIC BLEED,Vera Molloy,0c2aaa44-ba4b-45f0-81eb-b0d68409b6bb,https://watch.showrunnerapp.xyz/storage/v1/object/public/video-assets/character-thumbnails/vera_molloy_1784695706396_yl3a76p8ao.png
THE MAGNETIC BLEED,Dex Farrow,6591e643-d092-4d80-89f5-ff9e2fad659c,https://watch.showrunnerapp.xyz/storage/v1/object/public/video-assets/character-thumbnails/dex_farrow_1784695749827_pwl02z8gj5.png
The Final Trip,Puck the Gilded Awestruck,44c644c1-147a-449a-99ec-efc85739b3eb,https://watch.showrunnerapp.xyz/storage/v1/object/public/video-assets/character-thumbnails/puck_the_gilded_awestruck_1784928157526_1784928157526_gl1550vznos.png
The Final Trip,Syli the Multifold,59e7fa2a-62eb-4b8f-974a-fbc4fc93c5a6,https://watch.showrunnerapp.xyz/storage/v1/object/public/video-assets/character-thumbnails/syli_the_multifold_1784927800612_1784927800613_qx9vf3l2w1a.png
The Final Trip,Griz the Static-Watcher,b59f8a86-71c2-412f-81aa-7c17cfd32aed,https://watch.showrunnerapp.xyz/storage/v1/object/public/video-assets/character-thumbnails/griz_the_static-watcher_1784910974221_1784910974222_itdgmi3pmsd.png
The Final Trip,Nook the Felt Witness,8ceb97d4-9f26-4f31-bea2-94854b953a84,https://watch.showrunnerapp.xyz/storage/v1/object/public/video-assets/character-thumbnails/nook_the_felt_witness_1784928157132_1784928157132_w27wq7kyqx.png
The Final Trip,Olo the Void-Walker,0b6c071f-bc10-4e23-b350-fbfb7400f37a,https://watch.showrunnerapp.xyz/storage/v1/object/public/video-assets/character-thumbnails/olo_the_void-walker_1784911207531_1784911207531_brb56kh735e.png
The Final Trip,Lumis the Felt Pilgrim,0c7310b5-8364-4f41-b449-a16ac0321348,https://watch.showrunnerapp.xyz/storage/v1/object/public/video-assets/character-thumbnails/lumis_the_felt_pilgrim_1784909459533_34xkxlax35q.png
The Final Trip,Puru the Gaping Purr,622cfead-e148-4bfb-ae89-16a27f27714e,https://watch.showrunnerapp.xyz/storage/v1/object/public/video-assets/character-thumbnails/puru_the_gaping_purr_1784938585475_1784938585476_yfj0gt53u4m.png
The Final Trip,Bellis the Ocular Bloom,4bab32d3-cca6-439f-aa94-c1a0cb24f1d9,https://watch.showrunnerapp.xyz/storage/v1/object/public/video-assets/character-thumbnails/bellis_the_ocular_bloom_1784939066561_1784939066562_1g304y7c4qg.png
The Final Trip,12matt3r,6af68a71-80e0-45ce-9f44-3bf47fbc8c25,https://watch.showrunnerapp.xyz/storage/v1/object/public/video-assets/character-thumbnails/12matt3r_1784911860362_1784911860363_lbryqy0osn.png
The Final Trip,Nimo,0d1d462f-e14b-4fdc-ba86-7139ead529ae,https://watch.showrunnerapp.xyz/storage/v1/object/public/video-assets/character-thumbnails/nimo_1784910300820_1784910300821_8x34rt4gm0j.png
The Final Trip,Ochre the Clay Clerk,a96ad93b-ed1a-4e91-b75d-6437512895e4,https://watch.showrunnerapp.xyz/storage/v1/object/public/video-assets/character-thumbnails/ochre_the_clay_clerk_1784910950387_1784910950388_iu2t3hpcyvr.png
The Final Trip,Kyro the Neon Sentinel,7f49c905-551c-4176-af15-2bae71d7d14b,https://watch.showrunnerapp.xyz/storage/v1/object/public/video-assets/character-thumbnails/kyro_the_neon_sentinel_1784928172039_1784928172039_6xqw0msl3fx.png
The Final Trip,Vorrha the Crimson Voyager,df793546-f4a9-4bf7-9535-e051d1a50d80,https://watch.showrunnerapp.xyz/storage/v1/object/public/video-assets/character-thumbnails/vorrha_the_crimson_voyager_1784909497095_qjxvkztooa.png
The Final Trip,Bix the Twilight Courier,fd7564a9-ab67-41e7-81f7-f666c1dc3387,https://watch.showrunnerapp.xyz/storage/v1/object/public/video-assets/character-thumbnails/bix_the_twilight_courier_1784911003521_1784911003521_c6sghuuy78c.png
The Final Trip,Zin the Tide-Caller,1e4b8ef3-0231-43a5-bbb2-5d92aedecdaa,https://watch.showrunnerapp.xyz/storage/v1/object/public/video-assets/character-thumbnails/zin_the_tide-caller_1784910986740_1784910986741_8gp77dfxf1i.png
AS WE KNOW IT,Umit,b4046f71-1343-4aba-be2e-81195bbf5011,https://watch.showrunnerapp.xyz/storage/v1/object/public/video-assets/character-thumbnails/umit_1788110468182_1788110468182_byoyuy068n.png
AS WE KNOW IT,Dana,809a072f-758d-4305-96de-3cf3dcb1f59f,https://watch.showrunnerapp.xyz/storage/v1/object/public/video-assets/character-thumbnails/dana_1788111644685_1788111644685_9l88gtpov6.png
AS WE KNOW IT,Zaya,7fab3d5e-16b9-4bbe-bcc0-cf6bd94e8de5,https://watch.showrunnerapp.xyz/storage/v1/object/public/video-assets/character-thumbnails/zaya_1788132842410_1788132842410_2lmy39qylty.png
AS WE KNOW IT,Kaelen Vane,aa24c3fc-02f3-42eb-9388-9df73224f416,https://watch.showrunnerapp.xyz/storage/v1/object/public/video-assets/character-thumbnails/kaelen_vane_1788132976294_1788132976295_8js5kz353ad.png
AS WE KNOW IT,Kira Vane,629cef8b-9799-4c38-ae77-460f2509dff3,https://watch.showrunnerapp.xyz/storage/v1/object/public/video-assets/character-thumbnails/kira_vane_1788132748518_1788132748519_r6wct0guga7.png
AS WE KNOW IT,Helion,6b999806-08c9-424c-9214-aedb5bd7278e,https://watch.showrunnerapp.xyz/storage/v1/object/public/video-assets/character-thumbnails/helion_1788133144027_1788133144027_iothz4c6dre.png
AS WE KNOW IT,Cato Marrow,898acdf1-e558-4e12-9123-b5418cd5940a,https://watch.showrunnerapp.xyz/storage/v1/object/public/video-assets/character-thumbnails/cato_marrow_1788110828413_1788110828414_ae1vx4g6v0h.png
AS WE KNOW IT,Varkas,4b3b485f-15b9-49c5-89cb-8dcf0c14ff26,https://watch.showrunnerapp.xyz/storage/v1/object/public/video-assets/character-thumbnails/varkas_1788110547518_1788110547518_mn7f4llqsr.png
AS WE KNOW IT,Sunder,e5269b5f-5877-48d0-a664-895488dc7254,https://watch.showrunnerapp.xyz/storage/v1/object/public/video-assets/character-thumbnails/sunder_1788110820662_1788110820663_gdpjxh06s0r.png
AS WE KNOW IT,Aris,6fd25226-6175-42bf-9cf2-02aceb87f072,https://watch.showrunnerapp.xyz/storage/v1/object/public/video-assets/character-thumbnails/aris_1788132729572_1788132729572_w4036dxn63i.png
True love will find us in the end…,Quigley,1bc78c18-d8ba-4546-b338-167ce7da0492,https://watch.showrunnerapp.xyz/storage/v1/object/public/video-assets/character-thumbnails/quigley_1787731084295_1787731084295_i0q1sulndq.png
True love will find us in the end…,Umit,a5784e42-6dcd-48df-8777-6562a0519b8a,https://watch.showrunnerapp.xyz/storage/v1/object/public/video-assets/character-thumbnails/umit_1788167187288_1788167187288_0w2590ssr1v.png
True love will find us in the end…,Vera,566c6ee8-b1da-41c1-b07a-073dd90e953a,https://watch.showrunnerapp.xyz/storage/v1/object/public/video-assets/character-thumbnails/vera_1787729543885_wv963col2b9.png
True love will find us in the end…,Lydia,3dc09086-0b9b-45d1-bc39-e3df229d9dd8,https://watch.showrunnerapp.xyz/storage/v1/object/public/video-assets/character-thumbnails/lydia_1787730824683_1787730824683_i3jrhcr4x6k.png
True love will find us in the end…,Maura,ae6bb723-6ac2-4535-aaf7-6350760617ba,https://watch.showrunnerapp.xyz/storage/v1/object/public/video-assets/character-thumbnails/maura_1787736001633_1787736001633_lszr3sh9xsf.png
True love will find us in the end…,Hype,bf5e96a3-6260-455b-a870-ceb5aa60fc2c,https://watch.showrunnerapp.xyz/storage/v1/object/public/video-assets/character-thumbnails/hype_1787731039210_1787731039211_ogfbej61s1p.png
True love will find us in the end…,Elliot,b91cb23b-abef-4f5f-845c-57f22ef17da2,https://watch.showrunnerapp.xyz/storage/v1/object/public/video-assets/character-thumbnails/elliot_1787729505269_ibgvzmr626i.png
True love will find us in the end…,Casper,603eba0e-9616-4467-8457-6aaea5ad4593,https://watch.showrunnerapp.xyz/storage/v1/object/public/video-assets/character-thumbnails/casper_1787730711190_1787730711190_shxpw61vy68.png
True love will find us in the end…,Nix,dca7f65c-79dd-466f-a79e-241da2fb0519,https://watch.showrunnerapp.xyz/storage/v1/object/public/video-assets/character-thumbnails/nix_1787731147013_1787731147014_qyea7f4fwf9.png
True love will find us in the end…,Gnash,a3344e16-4820-432b-ab8f-e0b9e6935650,https://watch.showrunnerapp.xyz/storage/v1/object/public/video-assets/character-thumbnails/gnash_1787735894720_1787735894721_dizdgvsw5xj.png
True love will find us in the end…,Lonnie,b5a9ae91-e203-4895-a821-857d357fa91f,https://watch.showrunnerapp.xyz/storage/v1/object/public/video-assets/character-thumbnails/lonnie_1787730775357_1787730775357_tm6s37anf4.png
Wake up Sunshine!,Umit,6e1fbe13-eed0-4b3d-a58c-08fe2ceffab3,https://watch.showrunnerapp.xyz/storage/v1/object/public/video-assets/character-thumbnails/umit_1787980452169_1787980452169_gknv8lwmzbi.png
Wake up Sunshine!,Dana,403b2e5e-c568-4c1e-bb2f-0191561a98b1,https://watch.showrunnerapp.xyz/storage/v1/object/public/video-assets/character-thumbnails/dana_1787980498026_1787980498027_snq1z7623la.png
Wake up Sunshine!,Veneer,3bf4abeb-0ca6-4778-88b2-51f189e40032,https://watch.showrunnerapp.xyz/storage/v1/object/public/video-assets/character-thumbnails/veneer_1787984177973_1787984177973_ziacziyhlg.png
Wake up Sunshine!,Echelon,2ee1512c-58c0-4a7d-bbf8-bfb4b6c5e768,https://watch.showrunnerapp.xyz/storage/v1/object/public/video-assets/character-thumbnails/echelon_1787981953612_1787981953612_pr633ou6mn.png
Wake up Sunshine!,Modem Marge,35014058-f9ac-47b0-88b2-d0dcffd827c0,https://watch.showrunnerapp.xyz/storage/v1/object/public/video-assets/character-thumbnails/modem_marge_1784224242321_1784224242322_9aznuxkzd0f.png
Wake up Sunshine!,Teflon Mongoose,1c0401b9-2427-42c0-a5ab-0e20051098a3,https://watch.showrunnerapp.xyz/storage/v1/object/public/video-assets/character-thumbnails/teflon_mongoose_1784224471044_1784224471045_nf2zfiihb6e.png
Wake up Sunshine!,Jane Doe,d61da565-3442-4cb9-8a12-136941131d18,https://watch.showrunnerapp.xyz/storage/v1/object/public/video-assets/character-thumbnails/jane_doe_1784223997591_1784223997592_f05bpjfesue.png
Wake up Sunshine!,The Founder,935beebb-7d5e-4cf0-985b-1593b8f9a891,https://watch.showrunnerapp.xyz/storage/v1/object/public/video-assets/character-thumbnails/the_keynote_1784224275364_1784224275364_z5qvs5d5qjk.png
Wake up Sunshine!,Father Waybright,a15a0a49-df91-4600-aee0-fe9547b69d49,https://watch.showrunnerapp.xyz/storage/v1/object/public/video-assets/character-thumbnails/father_waybright_1784224038019_1784224038019_5jm8j55uxje.png
When Ocean Meets Sky,Umit,d09c06b7-593f-41e7-926e-e40dce986253,https://watch.showrunnerapp.xyz/storage/v1/object/public/video-assets/character-thumbnails/umit_1788028313113_1788028313113_ensuaqxbi1b.png
When Ocean Meets Sky,Dana,92f664af-3948-4f31-b30a-a806b3a0b446,https://watch.showrunnerapp.xyz/storage/v1/object/public/video-assets/character-thumbnails/dana_1788163271754_1788163271754_9gruev7bvhp.png
When Ocean Meets Sky,KAI (HORIZON - HUMAN STATE),630dfe41-f791-4fc6-b6ed-eabf92840b74,https://watch.showrunnerapp.xyz/storage/v1/object/public/video-assets/character-thumbnails/kai_horizon_-_human_state_1781038813818_1781038813819_yq51vjuv6am.png
When Ocean Meets Sky,SORA (TRIPS - HUMAN STATE),042614aa-a194-4141-9696-f039fd005cce,https://watch.showrunnerapp.xyz/storage/v1/object/public/video-assets/character-thumbnails/sora_trips_-_human_state_1781038921384_1781038921384_ii6st6badt.png
When Ocean Meets Sky,THE DISSOLVED AUDIENCE,6f4608c7-6f89-4623-9836-35751e3818af,https://watch.showrunnerapp.xyz/storage/v1/object/public/video-assets/character-thumbnails/the_dissolved_audience_1781087829189_1781087829189_v4938sp5jj.png
The Willow Drive Tape,Anonymous Unseen Intruder (POV / Hands only),bfc727fc-1a37-4cb6-9e82-ccb926e45385,https://watch.showrunnerapp.xyz/storage/v1/object/public/video-assets/character-thumbnails/anonymous_unseen_intruder_pov_hands_only_1787502345219_1787502345219_utv4p7rgrz.png
The Willow Drive Tape,Harold Furr,04679646-7e36-4f00-9e68-051fc822a5bb,https://watch.showrunnerapp.xyz/storage/v1/object/public/video-assets/character-thumbnails/harold_furr_1787439528628_1787439528628_5s6ycr0rplv.png
The Willow Drive Tape,Marcus Clontz,a43692c2-aabb-4ac9-b4ec-674818c2e64e,https://watch.showrunnerapp.xyz/storage/v1/object/public/video-assets/character-thumbnails/travis_lowder_1787442053809_1787442053810_p16n9whxvmb.png
The Willow Drive Tape,Toby Lisk,c19ce87e-4c33-401d-90a2-075fe0857a1b,https://watch.showrunnerapp.xyz/storage/v1/object/public/video-assets/character-thumbnails/toby_lisk_1787442088184_1787442088184_gvd1gn6va3c.png
The Willow Drive Tape,Robert Lee,1720852a-cdf1-4443-b251-7d2cf9f51752,https://watch.showrunnerapp.xyz/storage/v1/object/public/video-assets/character-thumbnails/grady_lefler_1787441964521_1787441964522_tjdf4ujwph9.png
The Willow Drive Tape,Binnie Crowell,48745b4d-7257-4d0a-b078-46004578f1fc,https://watch.showrunnerapp.xyz/storage/v1/object/public/video-assets/character-thumbnails/binnie_crowell_1787442159229_1787442159230_a1y8xl72xa7.png
The Willow Drive Tape,Joyce Helms,f985bba6-cfc0-4b02-add2-ac6e344cc1f9,https://watch.showrunnerapp.xyz/storage/v1/object/public/video-assets/character-thumbnails/joyce_helms_1787440617388_1787440617392_h11pyuyko06.png
The Willow Drive Tape,Mitzi,53e5af08-c8af-435a-9da8-77eb1c7ac84e,https://watch.showrunnerapp.xyz/storage/v1/object/public/video-assets/character-thumbnails/mitzi_1787456718015_1787456718016_hxj5s9w3fi7.png
The Willow Drive Tape,Earlene Furr,94b5d129-c6e2-4bcf-9990-ad1d5da2321b,https://watch.showrunnerapp.xyz/storage/v1/object/public/video-assets/character-thumbnails/earlene_furr_1787440245733_1787440245733_3a7cchniqm.png
The Willow Drive Tape,Ray Furr,f7c08078-d942-46bb-a1fe-f2e03fd06bd7,https://watch.showrunnerapp.xyz/storage/v1/object/public/video-assets/character-thumbnails/ray_furr_1787442142829_1787442142829_d57velq09du.png
