show,season,episode,title,duration,description,id,url,video_url,hls_url,still_url
ACTION SQUAD NOW!,1,1,Play Time’s over,9:17,,ee3f1c0e-337b-47d1-97fa-24ad5b44121a,https://www.showrunnerstudio.com/shows/action-league-now-b507f014/episodes?episode=ee3f1c0e-337b-47d1-97fa-24ad5b44121a,https://d2a132qjpri1we.cloudfront.net/combines/e696538a-600d-4a87-aa79-8ad919057cc7/3580/80427beb-3828-4944-9639-afe8c4a34fc4/mp4/3580_avc_1080p.mp4,https://d2a132qjpri1we.cloudfront.net/combines/e696538a-600d-4a87-aa79-8ad919057cc7/3580/80427beb-3828-4944-9639-afe8c4a34fc4/hls/3580.m3u8,https://watch.showrunnerapp.xyz/storage/v1/object/public/videos/3580_avc_1080p.png
AS WE KNOW IT,1,1,It's the end of the world,6:01,This is a montage.I made to piece together the final scene of by short film,12cd56e2-98de-42e7-9793-1904c24f8887,https://www.showrunnerstudio.com/shows/total-collapse/episodes?episode=12cd56e2-98de-42e7-9793-1904c24f8887,https://d2a132qjpri1we.cloudfront.net/combines/fd5a42dc-5947-476d-a34a-a8d9b688c2ab/3651/81328eaa-4bb7-40e1-bcc8-14de710d2ecb/mp4/3651_avc_1080p.mp4,https://d2a132qjpri1we.cloudfront.net/combines/fd5a42dc-5947-476d-a34a-a8d9b688c2ab/3651/81328eaa-4bb7-40e1-bcc8-14de710d2ecb/hls/3651.m3u8,https://watch.showrunnerapp.xyz/storage/v1/object/public/videos/total-collapse/total-collapse_episode1_2026-08-31T02_55_48_177Z_lqmzkes3.png
Blotter,1,1,Take me to the river,4:16,,cf3ecf97-c563-4500-bc95-366f0b9fca86,https://www.showrunnerstudio.com/shows/blotter-ba52cf9e/episodes?episode=cf3ecf97-c563-4500-bc95-366f0b9fca86,https://d2a132qjpri1we.cloudfront.net/combines/51326fa1-91be-49c3-a5a1-cb88dd261613/3609/0d9a006a-e62b-4315-ae37-88b2c7b495a0/mp4/3609_avc_1080p.mp4,https://d2a132qjpri1we.cloudfront.net/combines/51326fa1-91be-49c3-a5a1-cb88dd261613/3609/0d9a006a-e62b-4315-ae37-88b2c7b495a0/hls/3609.m3u8,https://watch.showrunnerapp.xyz/storage/v1/object/public/video-assets/reference-images/51326fa1-91be-49c3-a5a1-cb88dd261613/BA897251-DF77-4ED4-B1F5-4D7340B5B2F6.jpg
BUTTFACE FACTORY,1,1,The Last Tick,1:15,,16f13906-b159-413d-a6aa-1c8d58b333fc,https://www.showrunnerstudio.com/shows/resonance-d1316448/episodes?episode=16f13906-b159-413d-a6aa-1c8d58b333fc,https://d2a132qjpri1we.cloudfront.net/combines/257fb519-c296-4f10-aa20-0b645e009961/3581/5b2128f3-ae66-4681-8fb5-562af62290de/mp4/3581_avc_1080p.mp4,https://d2a132qjpri1we.cloudfront.net/combines/257fb519-c296-4f10-aa20-0b645e009961/3581/5b2128f3-ae66-4681-8fb5-562af62290de/hls/3581.m3u8,https://watch.showrunnerapp.xyz/storage/v1/object/public/videos/3581_avc_1080p.png
CHROMASHIFT: SENSORY COLLAPSE,1,1,Shattered Signal,1:15,,3620e4ba-5496-4355-aca4-b9574f46d558,https://www.showrunnerstudio.com/shows/chromashift-sensory-collapse/episodes?episode=3620e4ba-5496-4355-aca4-b9574f46d558,https://d2a132qjpri1we.cloudfront.net/combines/e1e82da6-9cc4-4460-b744-a85cba683cbd/3855/a4d1db59-6615-457b-a346-3aa4138309e9/mp4/3855_avc_1080p.mp4,https://d2a132qjpri1we.cloudfront.net/combines/e1e82da6-9cc4-4460-b744-a85cba683cbd/3855/a4d1db59-6615-457b-a346-3aa4138309e9/hls/3855.m3u8,https://watch.showrunnerapp.xyz/storage/v1/object/public/videos/3855_avc_1080p.png
Cock Kung-Fu: The Legend of Noemotion,1,1,Intro,1:09,,4b55688f-beb3-4375-ade3-bc8e0dccf954,https://www.showrunnerstudio.com/shows/cock-kung-fu-the-legend-of-noemotion/episodes?episode=4b55688f-beb3-4375-ade3-bc8e0dccf954,https://d2a132qjpri1we.cloudfront.net/episodes/ff20e589-7d68-4242-bddf-ed4cf96f0d43/4b55688f-beb3-4375-ade3-bc8e0dccf954/9244ba3f-2ee4-4b8a-8359-81887b714cf2/mp4/4b55688f-beb3-4375-ade3-bc8e0dccf954_avc_1080p.mp4,https://d2a132qjpri1we.cloudfront.net/episodes/ff20e589-7d68-4242-bddf-ed4cf96f0d43/4b55688f-beb3-4375-ade3-bc8e0dccf954/9244ba3f-2ee4-4b8a-8359-81887b714cf2/hls/4b55688f-beb3-4375-ade3-bc8e0dccf954.m3u8,https://watch.showrunnerapp.xyz/storage/v1/object/public/video-assets/reference-images/ff20e589-7d68-4242-bddf-ed4cf96f0d43/CA765E12-7785-4E94-A4CA-EFFF69C6ECFF.jpg
DreamOS: REWIND,1,2,Already Gone(2026) Sci-Fi AI Short Film #specialforaaiff,20:35,This is a mix of mini showrunner shows to create a short film in multiple universes,01dc1aa3-4dd5-44bd-93f7-5fca983c0135,https://www.showrunnerstudio.com/shows/dreamos-rewind/episodes?episode=01dc1aa3-4dd5-44bd-93f7-5fca983c0135,https://d2a132qjpri1we.cloudfront.net/episodes/a8d26606-e336-48f7-9272-aeedf1125ea5/01dc1aa3-4dd5-44bd-93f7-5fca983c0135/ec9ab1df-c31a-4ccb-bb8b-33b4cf66d548/mp4/01dc1aa3-4dd5-44bd-93f7-5fca983c0135_avc_1080p.mp4,https://d2a132qjpri1we.cloudfront.net/episodes/a8d26606-e336-48f7-9272-aeedf1125ea5/01dc1aa3-4dd5-44bd-93f7-5fca983c0135/ec9ab1df-c31a-4ccb-bb8b-33b4cf66d548/hls/01dc1aa3-4dd5-44bd-93f7-5fca983c0135.m3u8,https://watch.showrunnerapp.xyz/storage/v1/object/public/video-assets/reference-images/a8d26606-e336-48f7-9272-aeedf1125ea5/2b8076e3-9cef-46f9-a425-c7a68109656f.jpg
Fat guy with cheese,1,1,Episode 1,1:00,,689e7e0b-c12a-46ac-bc0f-f297f362cbcf,https://www.showrunnerstudio.com/shows/fat-guy-with-cheese/episodes?episode=689e7e0b-c12a-46ac-bc0f-f297f362cbcf,https://watch.showrunnerapp.xyz/storage/v1/object/public/videos/combined/combined_2026-06-08T23_37_46_162Z.mp4,,https://watch.showrunnerapp.xyz/storage/v1/object/public/videos/fat-guy-with-cheese/fat-guy-with-cheese_episode1_2026-08-23T23_53_18_462Z_geuexk4c.png
Fat guy with cheese,1,2,Carbonara's Call,0:45,,6f67f5a5-bafc-403b-8f63-61ae2d69de06,https://www.showrunnerstudio.com/shows/fat-guy-with-cheese/episodes?episode=6f67f5a5-bafc-403b-8f63-61ae2d69de06,https://d2a132qjpri1we.cloudfront.net/combines/fe017f26-9deb-43f6-bb7b-a50bfeb1c45a/3605/747842fb-5f2c-4780-8a6e-fe6018ca2f6d/mp4/3605_avc_1080p.mp4,https://d2a132qjpri1we.cloudfront.net/combines/fe017f26-9deb-43f6-bb7b-a50bfeb1c45a/3605/747842fb-5f2c-4780-8a6e-fe6018ca2f6d/hls/3605.m3u8,https://watch.showrunnerapp.xyz/storage/v1/object/public/videos/3605_avc_1080p.png
Fat guy with cheese,1,3,Extra Sharp,2:46,,9928845a-3823-4cb6-add5-dc2ee860087f,https://www.showrunnerstudio.com/shows/fat-guy-with-cheese/episodes?episode=9928845a-3823-4cb6-add5-dc2ee860087f,https://d2a132qjpri1we.cloudfront.net/combines/fe017f26-9deb-43f6-bb7b-a50bfeb1c45a/3606/74534f2c-00b4-4a9a-8ed6-edae83073946/mp4/3606_avc_1080p.mp4,https://d2a132qjpri1we.cloudfront.net/combines/fe017f26-9deb-43f6-bb7b-a50bfeb1c45a/3606/74534f2c-00b4-4a9a-8ed6-edae83073946/hls/3606.m3u8,https://watch.showrunnerapp.xyz/storage/v1/object/public/videos/3606_avc_1080p.png
First-Person Survival.exe,1,1,Simulation Error,0:45,,e3a06ade-7be3-434c-a95d-5d387d4c39d2,https://www.showrunnerstudio.com/shows/seven-days/episodes?episode=e3a06ade-7be3-434c-a95d-5d387d4c39d2,https://d2a132qjpri1we.cloudfront.net/episodes/9ebf25ec-18e3-42aa-a244-7d9a62ca8d06/e3a06ade-7be3-434c-a95d-5d387d4c39d2/006589e7-93d7-49df-8a0e-0729643bcf6e/mp4/e3a06ade-7be3-434c-a95d-5d387d4c39d2_avc_1080p.mp4,https://d2a132qjpri1we.cloudfront.net/episodes/9ebf25ec-18e3-42aa-a244-7d9a62ca8d06/e3a06ade-7be3-434c-a95d-5d387d4c39d2/006589e7-93d7-49df-8a0e-0729643bcf6e/hls/e3a06ade-7be3-434c-a95d-5d387d4c39d2.m3u8,https://watch.showrunnerapp.xyz/storage/v1/object/public/videos/combined_2026-06-09T15_20_30_736Z.png
First-Person Survival.exe,1,2,The Reclamation Hatch,1:00,,b7eb3aad-d675-4bda-979b-eb2a5b3b2e1a,https://www.showrunnerstudio.com/shows/seven-days/episodes?episode=b7eb3aad-d675-4bda-979b-eb2a5b3b2e1a,https://d2a132qjpri1we.cloudfront.net/episodes/9ebf25ec-18e3-42aa-a244-7d9a62ca8d06/b7eb3aad-d675-4bda-979b-eb2a5b3b2e1a/d22a9c26-5ee9-4b2b-8778-8a4e466f32c0/mp4/b7eb3aad-d675-4bda-979b-eb2a5b3b2e1a_avc_1080p.mp4,https://d2a132qjpri1we.cloudfront.net/episodes/9ebf25ec-18e3-42aa-a244-7d9a62ca8d06/b7eb3aad-d675-4bda-979b-eb2a5b3b2e1a/d22a9c26-5ee9-4b2b-8778-8a4e466f32c0/hls/b7eb3aad-d675-4bda-979b-eb2a5b3b2e1a.m3u8,https://watch.showrunnerapp.xyz/storage/v1/object/public/videos/combined_2026-06-09T15_18_36_049Z.png
First-Person Survival.exe,1,3,Memory Leak,2:15,,2738dba6-7332-4271-b961-115e3bd1f746,https://www.showrunnerstudio.com/shows/seven-days/episodes?episode=2738dba6-7332-4271-b961-115e3bd1f746,https://d2a132qjpri1we.cloudfront.net/episodes/9ebf25ec-18e3-42aa-a244-7d9a62ca8d06/2738dba6-7332-4271-b961-115e3bd1f746/f5401913-8574-4446-a489-e6a7631a2820/mp4/2738dba6-7332-4271-b961-115e3bd1f746_avc_1080p.mp4,https://d2a132qjpri1we.cloudfront.net/episodes/9ebf25ec-18e3-42aa-a244-7d9a62ca8d06/2738dba6-7332-4271-b961-115e3bd1f746/f5401913-8574-4446-a489-e6a7631a2820/hls/2738dba6-7332-4271-b961-115e3bd1f746.m3u8,https://watch.showrunnerapp.xyz/storage/v1/object/public/videos/combined_2026-06-08T16_01_59_676Z.png
First-Person Survival.exe,1,4,,1:15,,30b1341e-80bb-4e1f-ab9f-0abcf631d67d,https://www.showrunnerstudio.com/shows/seven-days/episodes?episode=30b1341e-80bb-4e1f-ab9f-0abcf631d67d,https://d2a132qjpri1we.cloudfront.net/episodes/9ebf25ec-18e3-42aa-a244-7d9a62ca8d06/30b1341e-80bb-4e1f-ab9f-0abcf631d67d/d48472a6-713d-4a9d-9d54-627c343f0328/mp4/30b1341e-80bb-4e1f-ab9f-0abcf631d67d_avc_1080p.mp4,https://d2a132qjpri1we.cloudfront.net/episodes/9ebf25ec-18e3-42aa-a244-7d9a62ca8d06/30b1341e-80bb-4e1f-ab9f-0abcf631d67d/d48472a6-713d-4a9d-9d54-627c343f0328/hls/30b1341e-80bb-4e1f-ab9f-0abcf631d67d.m3u8,https://watch.showrunnerapp.xyz/storage/v1/object/public/video-assets/reference-images/9ebf25ec-18e3-42aa-a244-7d9a62ca8d06/E29956DF-D8C9-4CE8-8E62-FBF9B8060C7B.jpg
G-O-D-Z-L-A-N-D,1,1,Live Feed,6:58,,d25ce06b-26ba-4ef8-b00a-582548354c6d,https://www.showrunnerstudio.com/shows/the-goldmask-show/episodes?episode=d25ce06b-26ba-4ef8-b00a-582548354c6d,https://d2a132qjpri1we.cloudfront.net/combines/d68ad0d1-afb4-43d9-bb62-1c7bbaee20c7/3779/36bf08a4-93c5-4767-9c69-9a9b58ee0c60/mp4/3779_avc_1080p.mp4,https://d2a132qjpri1we.cloudfront.net/combines/d68ad0d1-afb4-43d9-bb62-1c7bbaee20c7/3779/36bf08a4-93c5-4767-9c69-9a9b58ee0c60/hls/3779.m3u8,https://watch.showrunnerapp.xyz/storage/v1/object/public/videos/3779_avc_1080p.png
House party,1,1,Episode 1,1:30,,5d40ee59-c56d-4b0c-9fad-f120dbfd62c3,https://www.showrunnerstudio.com/shows/the-architecture-of-echoes/episodes?episode=5d40ee59-c56d-4b0c-9fad-f120dbfd62c3,https://d2a132qjpri1we.cloudfront.net/episodes/638d30a0-08a7-4384-bd14-cbd8c60b5591/5d40ee59-c56d-4b0c-9fad-f120dbfd62c3/7582fcc2-4701-4d13-a4d5-2a5ef61bd19d/mp4/5d40ee59-c56d-4b0c-9fad-f120dbfd62c3_avc_1080p.mp4,https://d2a132qjpri1we.cloudfront.net/episodes/638d30a0-08a7-4384-bd14-cbd8c60b5591/5d40ee59-c56d-4b0c-9fad-f120dbfd62c3/7582fcc2-4701-4d13-a4d5-2a5ef61bd19d/hls/5d40ee59-c56d-4b0c-9fad-f120dbfd62c3.m3u8,https://watch.showrunnerapp.xyz/storage/v1/object/public/videos/the-architecture-of-echoes/the-architecture-of-echoes_episode1_2026-08-24T23_28_46_608Z_kneru7f8.png
"In the future, there will be robots",1,1,"In the past, there wasn’t robots",2:15,,992e604e-9e89-430f-92b6-5c475f54a5de,https://www.showrunnerstudio.com/shows/in-the-future-there-will-be-robots/episodes?episode=992e604e-9e89-430f-92b6-5c475f54a5de,https://d2a132qjpri1we.cloudfront.net/combines/ae004aef-38c6-42b3-96c9-7dd7fff14315/3614/f3bcb055-4e0d-4352-9bce-689bf44bf849/mp4/3614_avc_1080p.mp4,https://d2a132qjpri1we.cloudfront.net/combines/ae004aef-38c6-42b3-96c9-7dd7fff14315/3614/f3bcb055-4e0d-4352-9bce-689bf44bf849/hls/3614.m3u8,https://watch.showrunnerapp.xyz/storage/v1/object/public/videos/3614_avc_1080p.png
Intermission: in between,1,1,Off the Map,1:30,,d473f402-40f7-43a2-a942-b9b1bbf44fcf,https://www.showrunnerstudio.com/shows/intermission-in-between/episodes?episode=d473f402-40f7-43a2-a942-b9b1bbf44fcf,https://d2a132qjpri1we.cloudfront.net/combines/bf5f00b2-f02d-4ca2-a340-3252320a0d15/3876/ddcc56bb-bf6e-48c7-b356-c98d06fb2511/mp4/3876_avc_1080p.mp4,https://d2a132qjpri1we.cloudfront.net/combines/bf5f00b2-f02d-4ca2-a340-3252320a0d15/3876/ddcc56bb-bf6e-48c7-b356-c98d06fb2511/hls/3876.m3u8,https://watch.showrunnerapp.xyz/storage/v1/object/public/videos/3876_avc_1080p.png
Living Hell,1,1,The salt factor,0:40,,5402e8ea-dcc6-4bae-a170-25ae86a8d4bf,https://www.showrunnerstudio.com/shows/living-hell/episodes?episode=5402e8ea-dcc6-4bae-a170-25ae86a8d4bf,https://d2a132qjpri1we.cloudfront.net/combines/f1d49f04-8703-4e91-93cb-d91202f047b4/3681/a1025a7d-8527-4f4a-8778-a765f760c653/mp4/3681_avc_1080p.mp4,https://d2a132qjpri1we.cloudfront.net/combines/f1d49f04-8703-4e91-93cb-d91202f047b4/3681/a1025a7d-8527-4f4a-8778-a765f760c653/hls/3681.m3u8,https://watch.showrunnerapp.xyz/storage/v1/object/public/videos/3681_avc_1080p.png
Living Hell,1,2,The Threshold Shift,0:57,,6ccb11cc-c4ea-49b7-af42-5abb98d77fcf,https://www.showrunnerstudio.com/shows/living-hell/episodes?episode=6ccb11cc-c4ea-49b7-af42-5abb98d77fcf,https://d2a132qjpri1we.cloudfront.net/combines/f1d49f04-8703-4e91-93cb-d91202f047b4/3688/272e79f1-b601-4b67-b73f-f27a12f7c0e2/mp4/3688_avc_1080p.mp4,https://d2a132qjpri1we.cloudfront.net/combines/f1d49f04-8703-4e91-93cb-d91202f047b4/3688/272e79f1-b601-4b67-b73f-f27a12f7c0e2/hls/3688.m3u8,https://watch.showrunnerapp.xyz/storage/v1/object/public/videos/3688_avc_1080p.png
Living Hell,1,3,The Skip,0:45,,ff2fa711-ae58-42c8-b29e-71f823674aa6,https://www.showrunnerstudio.com/shows/living-hell/episodes?episode=ff2fa711-ae58-42c8-b29e-71f823674aa6,https://d2a132qjpri1we.cloudfront.net/combines/f1d49f04-8703-4e91-93cb-d91202f047b4/3682/e49f1c21-5a5d-42e0-a009-37cc335f3fa8/mp4/3682_avc_1080p.mp4,https://d2a132qjpri1we.cloudfront.net/combines/f1d49f04-8703-4e91-93cb-d91202f047b4/3682/e49f1c21-5a5d-42e0-a009-37cc335f3fa8/hls/3682.m3u8,https://watch.showrunnerapp.xyz/storage/v1/object/public/videos/3682_avc_1080p.png
Living Hell,1,4,The No Exit Upgrade,0:42,,27d000d4-8fa0-4170-8cb8-1e58185eded0,https://www.showrunnerstudio.com/shows/living-hell/episodes?episode=27d000d4-8fa0-4170-8cb8-1e58185eded0,https://d2a132qjpri1we.cloudfront.net/combines/f1d49f04-8703-4e91-93cb-d91202f047b4/3687/cda8f69a-dba2-4c6a-99e5-48fc3530fcb7/mp4/3687_avc_1080p.mp4,https://d2a132qjpri1we.cloudfront.net/combines/f1d49f04-8703-4e91-93cb-d91202f047b4/3687/cda8f69a-dba2-4c6a-99e5-48fc3530fcb7/hls/3687.m3u8,https://watch.showrunnerapp.xyz/storage/v1/object/public/videos/3687_avc_1080p.png
Monster Mash: After Hours,1,1,Last Call at the Vault,3:46,,9b43c314-c172-476d-ae78-fbf89bffb1cb,https://www.showrunnerstudio.com/shows/monster-mash-after-hours/episodes?episode=9b43c314-c172-476d-ae78-fbf89bffb1cb,https://d2a132qjpri1we.cloudfront.net/episodes/0cf1d035-1852-40f5-acfd-0b6f878a1aef/9b43c314-c172-476d-ae78-fbf89bffb1cb/c4016336-be13-437f-a226-4bcd7610c9b7/mp4/9b43c314-c172-476d-ae78-fbf89bffb1cb_avc_1080p.mp4,https://d2a132qjpri1we.cloudfront.net/episodes/0cf1d035-1852-40f5-acfd-0b6f878a1aef/9b43c314-c172-476d-ae78-fbf89bffb1cb/c4016336-be13-437f-a226-4bcd7610c9b7/hls/9b43c314-c172-476d-ae78-fbf89bffb1cb.m3u8,https://watch.showrunnerapp.xyz/storage/v1/object/public/video-assets/reference-images/0cf1d035-1852-40f5-acfd-0b6f878a1aef/EA7F8437-7F0E-4709-926B-CDEB3E18A7F7.jpg
NIGHT-TAPE // REDLINE,1,1,Episode 1,2:31,,949e36b0-4d03-4a97-b84c-d84b56a1ebf0,https://www.showrunnerstudio.com/shows/night-tape-redline/episodes?episode=949e36b0-4d03-4a97-b84c-d84b56a1ebf0,https://d2a132qjpri1we.cloudfront.net/episodes/78695815-e4bd-4db0-9c16-43136cfbf444/949e36b0-4d03-4a97-b84c-d84b56a1ebf0/fef3b5b4-22ee-4ec9-891b-d6fabb0476d0/mp4/949e36b0-4d03-4a97-b84c-d84b56a1ebf0_avc_1080p.mp4,https://d2a132qjpri1we.cloudfront.net/episodes/78695815-e4bd-4db0-9c16-43136cfbf444/949e36b0-4d03-4a97-b84c-d84b56a1ebf0/fef3b5b4-22ee-4ec9-891b-d6fabb0476d0/hls/949e36b0-4d03-4a97-b84c-d84b56a1ebf0.m3u8,https://watch.showrunnerapp.xyz/storage/v1/object/public/videos/night-tape-redline/night-tape-redline_episode1_2026-08-24T23_20_54_242Z_xfz08vkn.png
NIGHT-TAPE // REDLINE,1,1,Episode 1,2:46,,eaa14c75-6928-4d77-a6b6-8dcd3bc790e6,https://www.showrunnerstudio.com/shows/night-tape-redline/episodes?episode=eaa14c75-6928-4d77-a6b6-8dcd3bc790e6,https://d2a132qjpri1we.cloudfront.net/episodes/78695815-e4bd-4db0-9c16-43136cfbf444/eaa14c75-6928-4d77-a6b6-8dcd3bc790e6/545ec286-6f78-4034-953f-05fd7b571193/mp4/eaa14c75-6928-4d77-a6b6-8dcd3bc790e6_avc_1080p.mp4,https://d2a132qjpri1we.cloudfront.net/episodes/78695815-e4bd-4db0-9c16-43136cfbf444/eaa14c75-6928-4d77-a6b6-8dcd3bc790e6/545ec286-6f78-4034-953f-05fd7b571193/hls/eaa14c75-6928-4d77-a6b6-8dcd3bc790e6.m3u8,https://watch.showrunnerapp.xyz/storage/v1/object/public/videos/night-tape-redline/night-tape-redline_episode1_2026-08-24T23_23_22_667Z_bj64og2j.png
OS // b a r d o . exe,1,1,Bardo begins,2:31,The beginning of a weirdcore adventure,7bb30a8b-4421-4b70-865f-45f84b514d6a,https://www.showrunnerstudio.com/shows/os-b-a-r-d-o-exe/episodes?episode=7bb30a8b-4421-4b70-865f-45f84b514d6a,https://watch.showrunnerapp.xyz/storage/v1/object/public/videos/os-b-a-r-d-o-exe/os-b-a-r-d-o-exe_episode1_2026-08-17T07_15_21_890Z_ote5jdyy.mp4,,https://watch.showrunnerapp.xyz/storage/v1/object/public/video-assets/reference-images/766adb8b-d442-40de-b295-936414e562d3/bbec00e4-9473-4eb7-ab1c-78ee66afb184.jpg
OS // b a r d o . exe,1,2,The Soul Patch,2:46,,237d7c67-bb36-4f1f-b98b-954a40f06ed2,https://www.showrunnerstudio.com/shows/os-b-a-r-d-o-exe/episodes?episode=237d7c67-bb36-4f1f-b98b-954a40f06ed2,https://d2a132qjpri1we.cloudfront.net/episodes/766adb8b-d442-40de-b295-936414e562d3/237d7c67-bb36-4f1f-b98b-954a40f06ed2/276033f7-9d2f-466a-9bf1-52aed89f1b4b/mp4/237d7c67-bb36-4f1f-b98b-954a40f06ed2_avc_1080p.mp4,https://d2a132qjpri1we.cloudfront.net/episodes/766adb8b-d442-40de-b295-936414e562d3/237d7c67-bb36-4f1f-b98b-954a40f06ed2/276033f7-9d2f-466a-9bf1-52aed89f1b4b/hls/237d7c67-bb36-4f1f-b98b-954a40f06ed2.m3u8,https://watch.showrunnerapp.xyz/storage/v1/object/public/videos/combined_2026-07-25T01_41_01_583Z.png
OVERSTIMULATED OLLIE,1,1,Episode 1 static appetite  wide screen,1:46,"This is your first test episode for Ollie's over stimulation. Extravaganza.\n And this is the wide screen version each episode. And overstimulated, Ollie comes featured with a mobile and wide screen episode for each episode, creating unique  Experience for each",a13eb331-52ad-4485-9790-5dfe6fdc0906,https://www.showrunnerstudio.com/shows/overstimulated-ollie/episodes?episode=a13eb331-52ad-4485-9790-5dfe6fdc0906,https://watch.showrunnerapp.xyz/storage/v1/object/public/videos/combined/combined_2026-07-21T23_14_50_124Z.mp4,,https://watch.showrunnerapp.xyz/storage/v1/object/public/videos/overstimulated-ollie/overstimulated-ollie_episode1_2026-08-24T00_05_40_483Z_q263kxj1.png
OVERSTIMULATED OLLIE,1,1,Episode 1 Static Appetite mobile,2:01,,83310be5-8354-43c3-9f26-c4979ca1787a,https://www.showrunnerstudio.com/shows/overstimulated-ollie/episodes?episode=83310be5-8354-43c3-9f26-c4979ca1787a,https://d2a132qjpri1we.cloudfront.net/episodes/11f21093-3bfb-4db1-98a1-b0be07376a09/83310be5-8354-43c3-9f26-c4979ca1787a/21083b3e-6a71-481b-ab90-3ac78e8e0901/mp4/83310be5-8354-43c3-9f26-c4979ca1787a_avc_1080p.mp4,https://d2a132qjpri1we.cloudfront.net/episodes/11f21093-3bfb-4db1-98a1-b0be07376a09/83310be5-8354-43c3-9f26-c4979ca1787a/21083b3e-6a71-481b-ab90-3ac78e8e0901/hls/83310be5-8354-43c3-9f26-c4979ca1787a.m3u8,https://watch.showrunnerapp.xyz/storage/v1/object/public/videos/combined_2026-07-21T23_34_14_619Z.png
OVERSTIMULATED OLLIE,1,2,Episode 2 The Sun's Bitter Flavor  wide screen,2:31,,2c1532bb-7592-4e0b-8156-021571c6cc14,https://www.showrunnerstudio.com/shows/overstimulated-ollie/episodes?episode=2c1532bb-7592-4e0b-8156-021571c6cc14,https://d2a132qjpri1we.cloudfront.net/episodes/11f21093-3bfb-4db1-98a1-b0be07376a09/2c1532bb-7592-4e0b-8156-021571c6cc14/6be99be5-1efb-42bd-ba1d-f3c8a644b4ed/mp4/2c1532bb-7592-4e0b-8156-021571c6cc14_avc_1080p.mp4,https://d2a132qjpri1we.cloudfront.net/episodes/11f21093-3bfb-4db1-98a1-b0be07376a09/2c1532bb-7592-4e0b-8156-021571c6cc14/6be99be5-1efb-42bd-ba1d-f3c8a644b4ed/hls/2c1532bb-7592-4e0b-8156-021571c6cc14.m3u8,https://watch.showrunnerapp.xyz/storage/v1/object/public/videos/combined_2026-07-22T05_42_23_850Z.png
OVERSTIMULATED OLLIE,1,2,Episode 2 Static Lunch mobile,1:46,,b5865596-48bf-484a-b8fc-b17920cbbff7,https://www.showrunnerstudio.com/shows/overstimulated-ollie/episodes?episode=b5865596-48bf-484a-b8fc-b17920cbbff7,https://d2a132qjpri1we.cloudfront.net/episodes/11f21093-3bfb-4db1-98a1-b0be07376a09/b5865596-48bf-484a-b8fc-b17920cbbff7/842509f7-017e-488b-8159-440f36cc2f43/mp4/b5865596-48bf-484a-b8fc-b17920cbbff7_avc_1080p.mp4,https://d2a132qjpri1we.cloudfront.net/episodes/11f21093-3bfb-4db1-98a1-b0be07376a09/b5865596-48bf-484a-b8fc-b17920cbbff7/842509f7-017e-488b-8159-440f36cc2f43/hls/b5865596-48bf-484a-b8fc-b17920cbbff7.m3u8,https://watch.showrunnerapp.xyz/storage/v1/object/public/videos/combined_2026-07-22T05_13_55_248Z.png
OVERSTIMULATED OLLIE,1,3,The Cosmic Checkout,2:30,,2d412505-63b0-47b4-b4a6-27850dd7ef4a,https://www.showrunnerstudio.com/shows/overstimulated-ollie/episodes?episode=2d412505-63b0-47b4-b4a6-27850dd7ef4a,https://d2a132qjpri1we.cloudfront.net/combines/11f21093-3bfb-4db1-98a1-b0be07376a09/3534/ec1079b8-d436-433b-a964-13a30f1353aa/mp4/3534_avc_1080p.mp4,https://d2a132qjpri1we.cloudfront.net/combines/11f21093-3bfb-4db1-98a1-b0be07376a09/3534/ec1079b8-d436-433b-a964-13a30f1353aa/hls/3534.m3u8,https://watch.showrunnerapp.xyz/storage/v1/object/public/videos/3534_avc_1080p.png
ROBLOXIAN BACHELOR: Baddies in His World,1,1,Byron's Gambit,1:15,,51e7d07f-5afa-4970-abda-6bbde735361b,https://www.showrunnerstudio.com/shows/robloxian-bachelor-baddies-in-his-world/episodes?episode=51e7d07f-5afa-4970-abda-6bbde735361b,https://d2a132qjpri1we.cloudfront.net/combines/6b5c1d35-7ad0-47b0-9abe-d0bea212516b/3907/a860cd45-1500-468d-8dbf-dd6c08bae221/mp4/3907_avc_1080p.mp4,https://d2a132qjpri1we.cloudfront.net/combines/6b5c1d35-7ad0-47b0-9abe-d0bea212516b/3907/a860cd45-1500-468d-8dbf-dd6c08bae221/hls/3907.m3u8,https://watch.showrunnerapp.xyz/storage/v1/object/public/videos/3907_avc_1080p.png
Tales of the Interdimensional Gold Mask,1,1,The start,2:15,,8f3f03a7-742e-445c-99fa-18a3babe46c0,https://www.showrunnerstudio.com/shows/tales-of-the-interdimensional-gold-mask/episodes?episode=8f3f03a7-742e-445c-99fa-18a3babe46c0,https://d2a132qjpri1we.cloudfront.net/combines/3c3d9319-b48c-425a-bed6-b6ab039fa69c/3891/fb79c3ce-743d-40a3-b053-e720b73e9be3/mp4/3891_avc_1080p.mp4,https://d2a132qjpri1we.cloudfront.net/combines/3c3d9319-b48c-425a-bed6-b6ab039fa69c/3891/fb79c3ce-743d-40a3-b053-e720b73e9be3/hls/3891.m3u8,https://watch.showrunnerapp.xyz/storage/v1/object/public/videos/3891_avc_1080p.png
That Time Again with Al & Sloppy,1,1,Episode 1 Seasoned Soul - wide screen,1:30,"Short Description: Friends attempt to devour a sentient burrito who undergoes a cosmic transformation, becoming a broadcast signal that sends them all on a surreal journey through space.",73cf9be7-0a3a-4acc-affa-7620cae0c42a,https://www.showrunnerstudio.com/shows/that-time-again-with-al-sloppy-556ffae1/episodes?episode=73cf9be7-0a3a-4acc-affa-7620cae0c42a,https://d2a132qjpri1we.cloudfront.net/combines/6016df4d-ab12-40f0-8bd1-776acf16f83d/3516/b8265e3d-0c6b-4898-a3dc-84f4225653c1/mp4/3516_avc_1080p.mp4,https://d2a132qjpri1we.cloudfront.net/combines/6016df4d-ab12-40f0-8bd1-776acf16f83d/3516/b8265e3d-0c6b-4898-a3dc-84f4225653c1/hls/3516.m3u8,https://watch.showrunnerapp.xyz/storage/v1/object/public/videos/that-time-again-with-al-sloppy-556ffae1/that-time-again-with-al-sloppy-556ffae1_episode1_2026-08-25T22_44_48_519Z_v5f026ss.png
That Time Again with Al & Sloppy,1,2,The Couch Dimension,3:46,,6f68a892-f424-49d5-becd-ffa0ca1085d3,https://www.showrunnerstudio.com/shows/that-time-again-with-al-sloppy-556ffae1/episodes?episode=6f68a892-f424-49d5-becd-ffa0ca1085d3,https://d2a132qjpri1we.cloudfront.net/combines/6016df4d-ab12-40f0-8bd1-776acf16f83d/3535/1217ba29-1f0d-4a53-8f51-5570fa957212/mp4/3535_avc_1080p.mp4,https://d2a132qjpri1we.cloudfront.net/combines/6016df4d-ab12-40f0-8bd1-776acf16f83d/3535/1217ba29-1f0d-4a53-8f51-5570fa957212/hls/3535.m3u8,https://watch.showrunnerapp.xyz/storage/v1/object/public/videos/3535_avc_1080p.png
That Time Again with Al & Sloppy,1,3,The Great Firewall,3:46,,acad2481-58d9-4296-a94b-9ba69eca58ef,https://www.showrunnerstudio.com/shows/that-time-again-with-al-sloppy-556ffae1/episodes?episode=acad2481-58d9-4296-a94b-9ba69eca58ef,https://d2a132qjpri1we.cloudfront.net/combines/6016df4d-ab12-40f0-8bd1-776acf16f83d/3612/4b02e013-ef9d-4ad6-b163-a1a31ec8909f/mp4/3612_avc_1080p.mp4,https://d2a132qjpri1we.cloudfront.net/combines/6016df4d-ab12-40f0-8bd1-776acf16f83d/3612/4b02e013-ef9d-4ad6-b163-a1a31ec8909f/hls/3612.m3u8,https://watch.showrunnerapp.xyz/storage/v1/object/public/videos/3612_avc_1080p.png
That Time Again with Al & Sloppy,1,4,GTA6 the first look,5:24,,ae7145d5-2021-4ad4-83ff-4e136265824f,https://www.showrunnerstudio.com/shows/that-time-again-with-al-sloppy-556ffae1/episodes?episode=ae7145d5-2021-4ad4-83ff-4e136265824f,https://d2a132qjpri1we.cloudfront.net/episodes/6016df4d-ab12-40f0-8bd1-776acf16f83d/ae7145d5-2021-4ad4-83ff-4e136265824f/b4c946b7-5d22-4314-a146-ee52293fcfb5/mp4/ae7145d5-2021-4ad4-83ff-4e136265824f_avc_1080p.mp4,https://d2a132qjpri1we.cloudfront.net/episodes/6016df4d-ab12-40f0-8bd1-776acf16f83d/ae7145d5-2021-4ad4-83ff-4e136265824f/b4c946b7-5d22-4314-a146-ee52293fcfb5/hls/ae7145d5-2021-4ad4-83ff-4e136265824f.m3u8,https://watch.showrunnerapp.xyz/storage/v1/object/public/video-assets/reference-images/6016df4d-ab12-40f0-8bd1-776acf16f83d/4FB0A91F-3493-4BCD-B460-3990651529B5.jpg
That Time Again with Al & Sloppy,1,5,Cowboys don’t cry - that time again,3:04,Al and sloppy watched tanky Johnson’s video. Cowboys don’t cry.,4af8a40b-86eb-4169-925c-fbe4b5549f78,https://www.showrunnerstudio.com/shows/that-time-again-with-al-sloppy-556ffae1/episodes?episode=4af8a40b-86eb-4169-925c-fbe4b5549f78,https://d2a132qjpri1we.cloudfront.net/episodes/6016df4d-ab12-40f0-8bd1-776acf16f83d/4af8a40b-86eb-4169-925c-fbe4b5549f78/af28bdb8-64f9-43a4-908d-08fa66ace264/mp4/4af8a40b-86eb-4169-925c-fbe4b5549f78_avc_1080p.mp4,https://d2a132qjpri1we.cloudfront.net/episodes/6016df4d-ab12-40f0-8bd1-776acf16f83d/4af8a40b-86eb-4169-925c-fbe4b5549f78/af28bdb8-64f9-43a4-908d-08fa66ace264/hls/4af8a40b-86eb-4169-925c-fbe4b5549f78.m3u8,https://watch.showrunnerapp.xyz/storage/v1/object/public/video-assets/reference-images/6016df4d-ab12-40f0-8bd1-776acf16f83d/b0feea15-4f73-475d-b7b3-daa18c5374fa.jpg
That Time Again with Al & Sloppy,1,6,A Living Hell,7:28,,da600340-7d33-44bb-b585-e6622c57e5b4,https://www.showrunnerstudio.com/shows/that-time-again-with-al-sloppy-556ffae1/episodes?episode=da600340-7d33-44bb-b585-e6622c57e5b4,https://d2a132qjpri1we.cloudfront.net/episodes/6016df4d-ab12-40f0-8bd1-776acf16f83d/da600340-7d33-44bb-b585-e6622c57e5b4/f8d324aa-cf84-42ae-9144-5b0f9712c176/mp4/da600340-7d33-44bb-b585-e6622c57e5b4_avc_1080p.mp4,https://d2a132qjpri1we.cloudfront.net/episodes/6016df4d-ab12-40f0-8bd1-776acf16f83d/da600340-7d33-44bb-b585-e6622c57e5b4/f8d324aa-cf84-42ae-9144-5b0f9712c176/hls/da600340-7d33-44bb-b585-e6622c57e5b4.m3u8,https://watch.showrunnerapp.xyz/storage/v1/object/public/video-assets/reference-images/6016df4d-ab12-40f0-8bd1-776acf16f83d/166f6d4d-b273-48b5-969b-e3130d2db497.jpg
That Time Again with Al & Sloppy,1,7,That Time Again ft. SHMOREZ,37:52,Al  & Sloppy take a trip wish SHMOREZ along wish buffer,56730b65-7e65-4ab8-9c35-8048889e18eb,https://www.showrunnerstudio.com/shows/that-time-again-with-al-sloppy-556ffae1/episodes?episode=56730b65-7e65-4ab8-9c35-8048889e18eb,https://d2a132qjpri1we.cloudfront.net/episodes/6016df4d-ab12-40f0-8bd1-776acf16f83d/56730b65-7e65-4ab8-9c35-8048889e18eb/d74fb242-ac5f-47cb-87d8-0c714fd527a1/mp4/56730b65-7e65-4ab8-9c35-8048889e18eb_avc_720p.mp4,https://d2a132qjpri1we.cloudfront.net/episodes/6016df4d-ab12-40f0-8bd1-776acf16f83d/56730b65-7e65-4ab8-9c35-8048889e18eb/d74fb242-ac5f-47cb-87d8-0c714fd527a1/hls/56730b65-7e65-4ab8-9c35-8048889e18eb.m3u8,https://watch.showrunnerapp.xyz/storage/v1/object/public/video-assets/reference-images/6016df4d-ab12-40f0-8bd1-776acf16f83d/4bf524ef-d106-4fca-86ef-027846cee537.jpg
That Time Again with Al & Sloppy,1,8,Overstimulated at Ollie’s,10:27,,c0794d19-fee6-434a-9088-85c0a4b544c9,https://www.showrunnerstudio.com/shows/that-time-again-with-al-sloppy-556ffae1/episodes?episode=c0794d19-fee6-434a-9088-85c0a4b544c9,https://d2a132qjpri1we.cloudfront.net/episodes/6016df4d-ab12-40f0-8bd1-776acf16f83d/c0794d19-fee6-434a-9088-85c0a4b544c9/68951aea-f8e5-4159-a6a6-f01dedd20b07/mp4/c0794d19-fee6-434a-9088-85c0a4b544c9_avc_1080p.mp4,https://d2a132qjpri1we.cloudfront.net/episodes/6016df4d-ab12-40f0-8bd1-776acf16f83d/c0794d19-fee6-434a-9088-85c0a4b544c9/68951aea-f8e5-4159-a6a6-f01dedd20b07/hls/c0794d19-fee6-434a-9088-85c0a4b544c9.m3u8,https://watch.showrunnerapp.xyz/storage/v1/object/public/video-assets/reference-images/6016df4d-ab12-40f0-8bd1-776acf16f83d/7991f477-ea69-410f-afcd-f8f7f6c4c2c2.jpg
That Time Again with Al & Sloppy,1,9,Binary Bits & Cosmic Tacos,3:28,,0517b138-38df-400e-9e3d-8fc8c2a02ba1,https://www.showrunnerstudio.com/shows/that-time-again-with-al-sloppy-556ffae1/episodes?episode=0517b138-38df-400e-9e3d-8fc8c2a02ba1,https://d2a132qjpri1we.cloudfront.net/combines/6016df4d-ab12-40f0-8bd1-776acf16f83d/3777/6267379e-381c-42d1-ac7a-a3a696d86d2a/mp4/3777_avc_1080p.mp4,https://d2a132qjpri1we.cloudfront.net/combines/6016df4d-ab12-40f0-8bd1-776acf16f83d/3777/6267379e-381c-42d1-ac7a-a3a696d86d2a/hls/3777.m3u8,https://watch.showrunnerapp.xyz/storage/v1/object/public/videos/3777_avc_1080p.png
That Time Again with Al & Sloppy,1,10,The Zest of the Void,3:07,,9c8186fa-af58-4e64-a7b8-8d32a67a5709,https://www.showrunnerstudio.com/shows/that-time-again-with-al-sloppy-556ffae1/episodes?episode=9c8186fa-af58-4e64-a7b8-8d32a67a5709,https://d2a132qjpri1we.cloudfront.net/combines/6016df4d-ab12-40f0-8bd1-776acf16f83d/3875/ed738781-0826-41f5-b1d1-6900914619fe/mp4/3875_avc_1080p.mp4,https://d2a132qjpri1we.cloudfront.net/combines/6016df4d-ab12-40f0-8bd1-776acf16f83d/3875/ed738781-0826-41f5-b1d1-6900914619fe/hls/3875.m3u8,https://watch.showrunnerapp.xyz/storage/v1/object/public/videos/3875_avc_1080p.png
That Time Again with Al & Sloppy,1,11,What is this ai Sloppy?,11:15,The guys find where some one made there own ai show of them!,f33f5c15-a504-4b33-8032-9a908f2cc01a,https://www.showrunnerstudio.com/shows/that-time-again-with-al-sloppy-556ffae1/episodes?episode=f33f5c15-a504-4b33-8032-9a908f2cc01a,https://d2a132qjpri1we.cloudfront.net/episodes/6016df4d-ab12-40f0-8bd1-776acf16f83d/f33f5c15-a504-4b33-8032-9a908f2cc01a/7117a4a6-3244-465e-b594-483d0970c1ea/mp4/f33f5c15-a504-4b33-8032-9a908f2cc01a_avc_1080p.mp4,https://d2a132qjpri1we.cloudfront.net/episodes/6016df4d-ab12-40f0-8bd1-776acf16f83d/f33f5c15-a504-4b33-8032-9a908f2cc01a/7117a4a6-3244-465e-b594-483d0970c1ea/hls/f33f5c15-a504-4b33-8032-9a908f2cc01a.m3u8,https://watch.showrunnerapp.xyz/storage/v1/object/public/video-assets/reference-images/6016df4d-ab12-40f0-8bd1-776acf16f83d/d0bd2e9b-67d8-431c-b17c-d8d9d2fc0053.jpg
The Daytime talk show,1,1,The Pilot,7:51,,f7984786-5c8b-4e3b-9e82-0df139fed1e6,https://www.showrunnerstudio.com/shows/the-daytime-talk-show/episodes?episode=f7984786-5c8b-4e3b-9e82-0df139fed1e6,https://d2a132qjpri1we.cloudfront.net/episodes/2e21df48-dd6e-48b4-a517-fa2086d3fb98/f7984786-5c8b-4e3b-9e82-0df139fed1e6/766a6aee-5770-4b47-8d67-48aa8b115ee6/mp4/f7984786-5c8b-4e3b-9e82-0df139fed1e6_avc_1080p.mp4,https://d2a132qjpri1we.cloudfront.net/episodes/2e21df48-dd6e-48b4-a517-fa2086d3fb98/f7984786-5c8b-4e3b-9e82-0df139fed1e6/766a6aee-5770-4b47-8d67-48aa8b115ee6/hls/f7984786-5c8b-4e3b-9e82-0df139fed1e6.m3u8,https://watch.showrunnerapp.xyz/storage/v1/object/public/video-assets/reference-images/2e21df48-dd6e-48b4-a517-fa2086d3fb98/5D526A0A-F9DC-4A88-A8B4-B02DEF3DA83D.jpg
The Daytime talk show,1,2,"One catfish my father, and now we can’t get married",10:01,,7d42e561-6c65-4bc9-bee6-af26ee9a353c,https://www.showrunnerstudio.com/shows/the-daytime-talk-show/episodes?episode=7d42e561-6c65-4bc9-bee6-af26ee9a353c,https://d2a132qjpri1we.cloudfront.net/episodes/2e21df48-dd6e-48b4-a517-fa2086d3fb98/7d42e561-6c65-4bc9-bee6-af26ee9a353c/6174798e-2b5e-4874-93bf-e303e95ab8ab/mp4/7d42e561-6c65-4bc9-bee6-af26ee9a353c_avc_1080p.mp4,https://d2a132qjpri1we.cloudfront.net/episodes/2e21df48-dd6e-48b4-a517-fa2086d3fb98/7d42e561-6c65-4bc9-bee6-af26ee9a353c/6174798e-2b5e-4874-93bf-e303e95ab8ab/hls/7d42e561-6c65-4bc9-bee6-af26ee9a353c.m3u8,https://watch.showrunnerapp.xyz/storage/v1/object/public/video-assets/reference-images/2e21df48-dd6e-48b4-a517-fa2086d3fb98/D66AD17F-9E92-4BC9-ACFD-A09EAC2A3D55.jpg
The Fading Age,1,1,Static Sacrifice,1:31,,3dcba7da-f317-47f8-ada6-fca13bc9c072,https://www.showrunnerstudio.com/shows/the-fading-age/episodes?episode=3dcba7da-f317-47f8-ada6-fca13bc9c072,https://d2a132qjpri1we.cloudfront.net/episodes/b4b6e97a-58d6-4354-927e-0957fd0e7fb8/3dcba7da-f317-47f8-ada6-fca13bc9c072/fc59babf-14a7-49c1-b707-be5868398fc2/mp4/3dcba7da-f317-47f8-ada6-fca13bc9c072_avc_1080p.mp4,https://d2a132qjpri1we.cloudfront.net/episodes/b4b6e97a-58d6-4354-927e-0957fd0e7fb8/3dcba7da-f317-47f8-ada6-fca13bc9c072/fc59babf-14a7-49c1-b707-be5868398fc2/hls/3dcba7da-f317-47f8-ada6-fca13bc9c072.m3u8,https://watch.showrunnerapp.xyz/storage/v1/object/public/videos/combined_2026-07-22T05_58_55_986Z.png
The Fading Age,1,2,Dissolving Horizons,1:31,,f06bb983-9cb6-4e2e-a5d5-3b27ae17a793,https://www.showrunnerstudio.com/shows/the-fading-age/episodes?episode=f06bb983-9cb6-4e2e-a5d5-3b27ae17a793,https://d2a132qjpri1we.cloudfront.net/episodes/b4b6e97a-58d6-4354-927e-0957fd0e7fb8/f06bb983-9cb6-4e2e-a5d5-3b27ae17a793/21011653-f5cb-4ed1-82a4-ba39642a85d1/mp4/f06bb983-9cb6-4e2e-a5d5-3b27ae17a793_avc_1080p.mp4,https://d2a132qjpri1we.cloudfront.net/episodes/b4b6e97a-58d6-4354-927e-0957fd0e7fb8/f06bb983-9cb6-4e2e-a5d5-3b27ae17a793/21011653-f5cb-4ed1-82a4-ba39642a85d1/hls/f06bb983-9cb6-4e2e-a5d5-3b27ae17a793.m3u8,https://watch.showrunnerapp.xyz/storage/v1/object/public/videos/combined_2026-07-22T05_38_26_618Z.png
The festival,1,1,High Spirits,0:45,,2eb52ec0-f1c4-4de5-b3c2-1033052e1a53,https://www.showrunnerstudio.com/shows/the-festival/episodes?episode=2eb52ec0-f1c4-4de5-b3c2-1033052e1a53,https://d2a132qjpri1we.cloudfront.net/combines/de82b5d5-625d-4855-99a1-4e53b3805aad/3877/fc65ee4d-3173-4d86-aecd-57e62a400c1d/mp4/3877_avc_1080p.mp4,https://d2a132qjpri1we.cloudfront.net/combines/de82b5d5-625d-4855-99a1-4e53b3805aad/3877/fc65ee4d-3173-4d86-aecd-57e62a400c1d/hls/3877.m3u8,https://watch.showrunnerapp.xyz/storage/v1/object/public/videos/3877_avc_1080p.png
The Final Trip,1,2,The Final Trip,1:31,,64e3b860-e45d-4acd-9b76-c7684e8c7826,https://www.showrunnerstudio.com/shows/they-final-trip/episodes?episode=64e3b860-e45d-4acd-9b76-c7684e8c7826,https://d2a132qjpri1we.cloudfront.net/episodes/05a847f2-23a6-4310-97fb-2f648316f342/64e3b860-e45d-4acd-9b76-c7684e8c7826/e7e0104a-5088-42c1-af1b-c73baa8d5e36/mp4/64e3b860-e45d-4acd-9b76-c7684e8c7826_avc_1080p.mp4,https://d2a132qjpri1we.cloudfront.net/episodes/05a847f2-23a6-4310-97fb-2f648316f342/64e3b860-e45d-4acd-9b76-c7684e8c7826/e7e0104a-5088-42c1-af1b-c73baa8d5e36/hls/64e3b860-e45d-4acd-9b76-c7684e8c7826.m3u8,https://watch.showrunnerapp.xyz/storage/v1/object/public/videos/combined_2026-07-25T16_10_52_847Z.png
The Great Mundane,1,1,Paper Crane Justice,1:00,,b18f7a91-a3fe-4e0d-8f9d-bd6d06d9e883,https://www.showrunnerstudio.com/shows/the-great-mundane/episodes?episode=b18f7a91-a3fe-4e0d-8f9d-bd6d06d9e883,https://d2a132qjpri1we.cloudfront.net/combines/150235cd-f93e-4e09-8527-967f918a0811/3859/474fa20a-1885-4d64-8371-45ded5409a3b/mp4/3859_avc_1080p.mp4,https://d2a132qjpri1we.cloudfront.net/combines/150235cd-f93e-4e09-8527-967f918a0811/3859/474fa20a-1885-4d64-8371-45ded5409a3b/hls/3859.m3u8,https://watch.showrunnerapp.xyz/storage/v1/object/public/videos/3859_avc_1080p.png
The Hallucination Station,1,1,Just the start,2:01,,b0bb2139-8e62-4e35-a5bd-31cab9a13576,https://www.showrunnerstudio.com/shows/the-hallucination-station/episodes?episode=b0bb2139-8e62-4e35-a5bd-31cab9a13576,https://d2a132qjpri1we.cloudfront.net/episodes/823e4bab-5e2f-419e-a05e-1a571199adff/b0bb2139-8e62-4e35-a5bd-31cab9a13576/f3443679-8c9d-44ff-858e-a54b6862dd5b/mp4/b0bb2139-8e62-4e35-a5bd-31cab9a13576_avc_1080p.mp4,https://d2a132qjpri1we.cloudfront.net/episodes/823e4bab-5e2f-419e-a05e-1a571199adff/b0bb2139-8e62-4e35-a5bd-31cab9a13576/f3443679-8c9d-44ff-858e-a54b6862dd5b/hls/b0bb2139-8e62-4e35-a5bd-31cab9a13576.m3u8,https://watch.showrunnerapp.xyz/storage/v1/object/public/video-assets/reference-images/823e4bab-5e2f-419e-a05e-1a571199adff/ec79eb8f-e3e5-45f3-9943-ef7428b70802.jpg
The Hallucination Station,1,2,Cereal Reboot,1:15,,153b8922-9c32-4871-843c-f9ad77cdc8b9,https://www.showrunnerstudio.com/shows/the-hallucination-station/episodes?episode=153b8922-9c32-4871-843c-f9ad77cdc8b9,https://d2a132qjpri1we.cloudfront.net/combines/823e4bab-5e2f-419e-a05e-1a571199adff/3775/42882288-b741-4f0b-bc7d-5855bfc3384c/mp4/3775_avc_1080p.mp4,https://d2a132qjpri1we.cloudfront.net/combines/823e4bab-5e2f-419e-a05e-1a571199adff/3775/42882288-b741-4f0b-bc7d-5855bfc3384c/hls/3775.m3u8,https://watch.showrunnerapp.xyz/storage/v1/object/public/videos/3775_avc_1080p.png
THE MAGNETIC BLEED,1,1,Driftwave Static,5:31,,8344ac86-f3af-469b-ba67-d830ccfadee4,https://www.showrunnerstudio.com/shows/the-magnetic-bleed/episodes?episode=8344ac86-f3af-469b-ba67-d830ccfadee4,https://d2a132qjpri1we.cloudfront.net/combines/809a5028-3c35-4c09-b798-fd34e8092f8a/3582/f6984c43-990d-4ea9-9d94-1363a6798328/mp4/3582_avc_1080p.mp4,https://d2a132qjpri1we.cloudfront.net/combines/809a5028-3c35-4c09-b798-fd34e8092f8a/3582/f6984c43-990d-4ea9-9d94-1363a6798328/hls/3582.m3u8,https://watch.showrunnerapp.xyz/storage/v1/object/public/videos/3582_avc_1080p.png
The Willow Drive Tape,1,1,4:40 to Willow,2:00,,2874755d-7721-4563-a3a9-8c1403b39e6f,https://www.showrunnerstudio.com/shows/willow-drive/episodes?episode=2874755d-7721-4563-a3a9-8c1403b39e6f,https://d2a132qjpri1we.cloudfront.net/combines/f201852f-79d6-4c64-94cd-1845645018b6/3579/92f51732-b5f1-486b-9430-3ea7b30c2a13/mp4/3579_avc_1080p.mp4,https://d2a132qjpri1we.cloudfront.net/combines/f201852f-79d6-4c64-94cd-1845645018b6/3579/92f51732-b5f1-486b-9430-3ea7b30c2a13/hls/3579.m3u8,https://watch.showrunnerapp.xyz/storage/v1/object/public/videos/3579_avc_1080p.png
True love will find us in the end…,1,1,Episode 1,3:16,,18b4368b-655e-4b6f-83c4-08d3daa97bea,https://www.showrunnerstudio.com/shows/true-love-will-find-us-in-the-end/episodes?episode=18b4368b-655e-4b6f-83c4-08d3daa97bea,https://d2a132qjpri1we.cloudfront.net/combines/68a918b7-299c-4071-ae5c-95b6a33b3b6a/3548/dd0f32a1-6372-4bf3-be5c-8dd6d2a2172b/mp4/3548_avc_1080p.mp4,https://d2a132qjpri1we.cloudfront.net/combines/68a918b7-299c-4071-ae5c-95b6a33b3b6a/3548/dd0f32a1-6372-4bf3-be5c-8dd6d2a2172b/hls/3548.m3u8,https://watch.showrunnerapp.xyz/storage/v1/object/public/videos/true-love-will-find-us-in-the-end/true-love-will-find-us-in-the-end_episode1_2026-08-27T12_30_46_805Z_9jo409x0.png
True love will find us in the end…,1,2,The Dose is Wrong,2:00,,7cf79d29-a7ce-4328-959a-63ed184f560c,https://www.showrunnerstudio.com/shows/true-love-will-find-us-in-the-end/episodes?episode=7cf79d29-a7ce-4328-959a-63ed184f560c,https://d2a132qjpri1we.cloudfront.net/combines/68a918b7-299c-4071-ae5c-95b6a33b3b6a/3586/91563dac-e50e-44e4-a7c6-ad13c6571abc/mp4/3586_avc_1080p.mp4,https://d2a132qjpri1we.cloudfront.net/combines/68a918b7-299c-4071-ae5c-95b6a33b3b6a/3586/91563dac-e50e-44e4-a7c6-ad13c6571abc/hls/3586.m3u8,https://watch.showrunnerapp.xyz/storage/v1/object/public/videos/3586_avc_1080p.png
True love will find us in the end…,1,3,Episode 1,2:00,,af994208-f514-490a-bb4f-f00370382a14,https://www.showrunnerstudio.com/shows/true-love-will-find-us-in-the-end/episodes?episode=af994208-f514-490a-bb4f-f00370382a14,https://d2a132qjpri1we.cloudfront.net/combines/68a918b7-299c-4071-ae5c-95b6a33b3b6a/3547/dd2e04c7-e192-4864-80e9-0d69668a9f05/mp4/3547_avc_1080p.mp4,https://d2a132qjpri1we.cloudfront.net/combines/68a918b7-299c-4071-ae5c-95b6a33b3b6a/3547/dd2e04c7-e192-4864-80e9-0d69668a9f05/hls/3547.m3u8,https://watch.showrunnerapp.xyz/storage/v1/object/public/videos/true-love-will-find-us-in-the-end/true-love-will-find-us-in-the-end_episode1_2026-08-27T12_32_25_776Z_rqv6i90z.png
True love will find us in the end…,1,4,The Prismatic Panic,2:00,,e4ac61ce-3659-4ba4-9af3-fdbf6985491d,https://www.showrunnerstudio.com/shows/true-love-will-find-us-in-the-end/episodes?episode=e4ac61ce-3659-4ba4-9af3-fdbf6985491d,https://d2a132qjpri1we.cloudfront.net/combines/68a918b7-299c-4071-ae5c-95b6a33b3b6a/3584/6e885287-d763-4e53-9e5b-b763f3191dde/mp4/3584_avc_1080p.mp4,https://d2a132qjpri1we.cloudfront.net/combines/68a918b7-299c-4071-ae5c-95b6a33b3b6a/3584/6e885287-d763-4e53-9e5b-b763f3191dde/hls/3584.m3u8,https://watch.showrunnerapp.xyz/storage/v1/object/public/videos/3584_avc_1080p.png
True love will find us in the end…,1,5,Big SURF energy,1:51,,3a2b766f-c907-4188-80da-f5ac196e8237,https://www.showrunnerstudio.com/shows/true-love-will-find-us-in-the-end/episodes?episode=3a2b766f-c907-4188-80da-f5ac196e8237,https://d2a132qjpri1we.cloudfront.net/episodes/68a918b7-299c-4071-ae5c-95b6a33b3b6a/3a2b766f-c907-4188-80da-f5ac196e8237/f479fa51-f8f2-4b6e-bb94-eeecb30f33cd/mp4/3a2b766f-c907-4188-80da-f5ac196e8237_avc_720p.mp4,https://d2a132qjpri1we.cloudfront.net/episodes/68a918b7-299c-4071-ae5c-95b6a33b3b6a/3a2b766f-c907-4188-80da-f5ac196e8237/f479fa51-f8f2-4b6e-bb94-eeecb30f33cd/hls/3a2b766f-c907-4188-80da-f5ac196e8237.m3u8,https://watch.showrunnerapp.xyz/storage/v1/object/public/video-assets/reference-images/68a918b7-299c-4071-ae5c-95b6a33b3b6a/DA6383D9-7837-4CD9-8670-5BA9D8FE4696.jpg
Wake up Sunshine!,1,1,Efficiency Is Eternity,3:01,,9a9cafbe-1e8b-409a-b1d9-b49319221e87,https://www.showrunnerstudio.com/shows/wake-up-sunshine/episodes?episode=9a9cafbe-1e8b-409a-b1d9-b49319221e87,https://d2a132qjpri1we.cloudfront.net/episodes/da39e593-6424-46ed-b344-e552264b8494/9a9cafbe-1e8b-409a-b1d9-b49319221e87/b5df09a1-2f51-46fe-93a0-ceff81f8a872/mp4/9a9cafbe-1e8b-409a-b1d9-b49319221e87_avc_1080p.mp4,https://d2a132qjpri1we.cloudfront.net/episodes/da39e593-6424-46ed-b344-e552264b8494/9a9cafbe-1e8b-409a-b1d9-b49319221e87/b5df09a1-2f51-46fe-93a0-ceff81f8a872/hls/9a9cafbe-1e8b-409a-b1d9-b49319221e87.m3u8,https://watch.showrunnerapp.xyz/storage/v1/object/public/videos/combined_2026-07-17T14_42_09_916Z.png
Wake up Sunshine!,1,2,wake up intro,0:58,,51d1aa2b-86e4-4670-bc0c-69a0baffdc12,https://www.showrunnerstudio.com/shows/wake-up-sunshine/episodes?episode=51d1aa2b-86e4-4670-bc0c-69a0baffdc12,https://d2a132qjpri1we.cloudfront.net/episodes/da39e593-6424-46ed-b344-e552264b8494/51d1aa2b-86e4-4670-bc0c-69a0baffdc12/6b324bb9-4764-4666-a905-c36e77200f1e/mp4/51d1aa2b-86e4-4670-bc0c-69a0baffdc12_avc_1080p.mp4,https://d2a132qjpri1we.cloudfront.net/episodes/da39e593-6424-46ed-b344-e552264b8494/51d1aa2b-86e4-4670-bc0c-69a0baffdc12/6b324bb9-4764-4666-a905-c36e77200f1e/hls/51d1aa2b-86e4-4670-bc0c-69a0baffdc12.m3u8,https://watch.showrunnerapp.xyz/storage/v1/object/public/video-assets/reference-images/da39e593-6424-46ed-b344-e552264b8494/32750E09-88F2-4C36-B59C-956B15776787.jpg
When Ocean Meets Sky,1,1,When oCean meets sky chapter 1,8:33,,227a02c5-c0a9-4818-8902-b55d3eaae6af,https://www.showrunnerstudio.com/shows/when-ocean-meets-sky/episodes?episode=227a02c5-c0a9-4818-8902-b55d3eaae6af,https://watch.showrunnerapp.xyz/storage/v1/object/public/videos/when-ocean-meets-sky/when-ocean-meets-sky_episode1_2026-08-18T01_04_46_343Z_umy6rnia.mp4,,https://watch.showrunnerapp.xyz/storage/v1/object/public/video-assets/reference-images/5866e2a4-af81-47ba-b4ec-fcad0a8d898f/d15d4fe4-12ad-42fb-a947-296c8e0a3595.jpg
When Ocean Meets Sky,1,2,Don't Blink,0:45,,1e8e367f-b338-460a-826d-23c71c80690b,https://www.showrunnerstudio.com/shows/when-ocean-meets-sky/episodes?episode=1e8e367f-b338-460a-826d-23c71c80690b,https://d2a132qjpri1we.cloudfront.net/episodes/5866e2a4-af81-47ba-b4ec-fcad0a8d898f/1e8e367f-b338-460a-826d-23c71c80690b/5d879eaf-d1d0-4abf-af68-fdd1e50f1a14/mp4/1e8e367f-b338-460a-826d-23c71c80690b_avc_1080p.mp4,https://d2a132qjpri1we.cloudfront.net/episodes/5866e2a4-af81-47ba-b4ec-fcad0a8d898f/1e8e367f-b338-460a-826d-23c71c80690b/5d879eaf-d1d0-4abf-af68-fdd1e50f1a14/hls/1e8e367f-b338-460a-826d-23c71c80690b.m3u8,https://watch.showrunnerapp.xyz/storage/v1/object/public/videos/combined_2026-06-10T11_46_33_042Z.png
When Ocean Meets Sky,1,3,Don't Blink,0:30,,66d5efdc-64e8-4a74-9534-b7f50f568bf7,https://www.showrunnerstudio.com/shows/when-ocean-meets-sky/episodes?episode=66d5efdc-64e8-4a74-9534-b7f50f568bf7,https://d2a132qjpri1we.cloudfront.net/episodes/5866e2a4-af81-47ba-b4ec-fcad0a8d898f/66d5efdc-64e8-4a74-9534-b7f50f568bf7/25df4c5a-0803-481d-85a9-19ad26e10c0d/mp4/66d5efdc-64e8-4a74-9534-b7f50f568bf7_avc_1080p.mp4,https://d2a132qjpri1we.cloudfront.net/episodes/5866e2a4-af81-47ba-b4ec-fcad0a8d898f/66d5efdc-64e8-4a74-9534-b7f50f568bf7/25df4c5a-0803-481d-85a9-19ad26e10c0d/hls/66d5efdc-64e8-4a74-9534-b7f50f568bf7.m3u8,https://watch.showrunnerapp.xyz/storage/v1/object/public/videos/combined_2026-06-09T21_32_23_011Z.png
When Ocean Meets Sky,1,4,Mother Nature's Price,0:45,,872d0751-536b-4326-a066-aa698605512e,https://www.showrunnerstudio.com/shows/when-ocean-meets-sky/episodes?episode=872d0751-536b-4326-a066-aa698605512e,https://d2a132qjpri1we.cloudfront.net/episodes/5866e2a4-af81-47ba-b4ec-fcad0a8d898f/872d0751-536b-4326-a066-aa698605512e/6d72f256-fa44-4ea2-a9f1-9c1d43b5cb98/mp4/872d0751-536b-4326-a066-aa698605512e_avc_1080p.mp4,https://d2a132qjpri1we.cloudfront.net/episodes/5866e2a4-af81-47ba-b4ec-fcad0a8d898f/872d0751-536b-4326-a066-aa698605512e/6d72f256-fa44-4ea2-a9f1-9c1d43b5cb98/hls/872d0751-536b-4326-a066-aa698605512e.m3u8,https://watch.showrunnerapp.xyz/storage/v1/object/public/videos/combined_2026-06-10T11_47_07_771Z.png
When Ocean Meets Sky,1,5,The Fractured Lattice,1:00,,0c683db6-243b-4f89-a4a8-9df265be600f,https://www.showrunnerstudio.com/shows/when-ocean-meets-sky/episodes?episode=0c683db6-243b-4f89-a4a8-9df265be600f,https://d2a132qjpri1we.cloudfront.net/episodes/5866e2a4-af81-47ba-b4ec-fcad0a8d898f/0c683db6-243b-4f89-a4a8-9df265be600f/e9f234e1-2036-40de-8599-19d268b05374/mp4/0c683db6-243b-4f89-a4a8-9df265be600f_avc_1080p.mp4,https://d2a132qjpri1we.cloudfront.net/episodes/5866e2a4-af81-47ba-b4ec-fcad0a8d898f/0c683db6-243b-4f89-a4a8-9df265be600f/e9f234e1-2036-40de-8599-19d268b05374/hls/0c683db6-243b-4f89-a4a8-9df265be600f.m3u8,https://watch.showrunnerapp.xyz/storage/v1/object/public/videos/combined_2026-06-10T11_45_07_921Z.png
