kind,code,title,duration,description,url,thumbnail_url
combine,3979,Untitled,,,https://www.showrunnerstudio.com/app/combine/3979,
combine,3969,Beyond the Frame,0:45,,https://www.showrunnerstudio.com/app/combine/3969,https://watch.showrunnerapp.xyz/storage/v1/object/public/videos/3969_avc_1080p.png
episode,3a2b766f-c907-4188-80da-f5ac196e8237,Big SURF energy,1:51,,https://www.showrunnerstudio.com/app/episode/3a2b766f-c907-4188-80da-f5ac196e8237,https://watch.showrunnerapp.xyz/storage/v1/object/public/video-assets/reference-images/68a918b7-299c-4071-ae5c-95b6a33b3b6a/DA6383D9-7837-4CD9-8670-5BA9D8FE4696.jpg
combine,3947,The Sunset Wipeout,0:30,,https://www.showrunnerstudio.com/app/combine/3947,https://watch.showrunnerapp.xyz/storage/v1/object/public/videos/3947_avc_1080p.png
combine,3927,The Infinite Drop,0:30,,https://www.showrunnerstudio.com/app/combine/3927,https://watch.showrunnerapp.xyz/storage/v1/object/public/videos/3927_avc_1080p.png
combine,3911,Beyond the Infinite Loop,1:30,,https://www.showrunnerstudio.com/app/combine/3911,https://watch.showrunnerapp.xyz/storage/v1/object/public/videos/3911_avc_1080p.png
episode,51e7d07f-5afa-4970-abda-6bbde735361b,Byron's Gambit,1:15,,https://www.showrunnerstudio.com/app/episode/51e7d07f-5afa-4970-abda-6bbde735361b,https://watch.showrunnerapp.xyz/storage/v1/object/public/videos/3907_avc_1080p.png
combine,3910,The Hallucination Exit,1:30,,https://www.showrunnerstudio.com/app/combine/3910,https://watch.showrunnerapp.xyz/storage/v1/object/public/videos/3910_avc_1080p.png
combine,3907,Byron's Gambit,1:15,,https://www.showrunnerstudio.com/app/combine/3907,https://watch.showrunnerapp.xyz/storage/v1/object/public/videos/3907_avc_1080p.png
episode,f33f5c15-a504-4b33-8032-9a908f2cc01a,What is this ai Sloppy?,11:15,,https://www.showrunnerstudio.com/app/episode/f33f5c15-a504-4b33-8032-9a908f2cc01a,https://watch.showrunnerapp.xyz/storage/v1/object/public/video-assets/reference-images/6016df4d-ab12-40f0-8bd1-776acf16f83d/d0bd2e9b-67d8-431c-b17c-d8d9d2fc0053.jpg
episode,8f3f03a7-742e-445c-99fa-18a3babe46c0,The start,2:15,,https://www.showrunnerstudio.com/app/episode/8f3f03a7-742e-445c-99fa-18a3babe46c0,https://watch.showrunnerapp.xyz/storage/v1/object/public/videos/3891_avc_1080p.png
episode,4b55688f-beb3-4375-ade3-bc8e0dccf954,Intro,1:09,,https://www.showrunnerstudio.com/app/episode/4b55688f-beb3-4375-ade3-bc8e0dccf954,https://watch.showrunnerapp.xyz/storage/v1/object/public/video-assets/reference-images/ff20e589-7d68-4242-bddf-ed4cf96f0d43/CA765E12-7785-4E94-A4CA-EFFF69C6ECFF.jpg
combine,3891,Vessel of Choice,2:15,,https://www.showrunnerstudio.com/app/combine/3891,https://watch.showrunnerapp.xyz/storage/v1/object/public/videos/3891_avc_1080p.png
combine,3879,The Bootleg Broadcast,0:55,,https://www.showrunnerstudio.com/app/combine/3879,https://watch.showrunnerapp.xyz/storage/v1/object/public/videos/3879_avc_1080p.png
episode,2eb52ec0-f1c4-4de5-b3c2-1033052e1a53,High Spirits,0:45,,https://www.showrunnerstudio.com/app/episode/2eb52ec0-f1c4-4de5-b3c2-1033052e1a53,https://watch.showrunnerapp.xyz/storage/v1/object/public/videos/3877_avc_1080p.png
episode,9c8186fa-af58-4e64-a7b8-8d32a67a5709,The Zest of the Void,3:07,,https://www.showrunnerstudio.com/app/episode/9c8186fa-af58-4e64-a7b8-8d32a67a5709,https://watch.showrunnerapp.xyz/storage/v1/object/public/videos/3875_avc_1080p.png
episode,d25ce06b-26ba-4ef8-b00a-582548354c6d,Live Feed,6:58,,https://www.showrunnerstudio.com/app/episode/d25ce06b-26ba-4ef8-b00a-582548354c6d,https://watch.showrunnerapp.xyz/storage/v1/object/public/videos/3779_avc_1080p.png
episode,3620e4ba-5496-4355-aca4-b9574f46d558,Shattered Signal,1:15,,https://www.showrunnerstudio.com/app/episode/3620e4ba-5496-4355-aca4-b9574f46d558,https://watch.showrunnerapp.xyz/storage/v1/object/public/videos/3855_avc_1080p.png
episode,d473f402-40f7-43a2-a942-b9b1bbf44fcf,Off the Map,1:30,,https://www.showrunnerstudio.com/app/episode/d473f402-40f7-43a2-a942-b9b1bbf44fcf,https://watch.showrunnerapp.xyz/storage/v1/object/public/videos/3876_avc_1080p.png
episode,b18f7a91-a3fe-4e0d-8f9d-bd6d06d9e883,Paper Crane Justice,1:00,,https://www.showrunnerstudio.com/app/episode/b18f7a91-a3fe-4e0d-8f9d-bd6d06d9e883,https://watch.showrunnerapp.xyz/storage/v1/object/public/videos/3859_avc_1080p.png
combine,3877,High Spirits,0:45,,https://www.showrunnerstudio.com/app/combine/3877,https://watch.showrunnerapp.xyz/storage/v1/object/public/videos/3877_avc_1080p.png
combine,3876,Off the Map,1:30,,https://www.showrunnerstudio.com/app/combine/3876,https://watch.showrunnerapp.xyz/storage/v1/object/public/videos/3876_avc_1080p.png
combine,3875,The Zest of the Void,3:07,,https://www.showrunnerstudio.com/app/combine/3875,https://watch.showrunnerapp.xyz/storage/v1/object/public/videos/3875_avc_1080p.png
combine,3871,Freshly Caught,0:30,,https://www.showrunnerstudio.com/app/combine/3871,https://watch.showrunnerapp.xyz/storage/v1/object/public/videos/3871_avc_1080p.png
combine,3870,The Puddle Count,0:30,,https://www.showrunnerstudio.com/app/combine/3870,https://watch.showrunnerapp.xyz/storage/v1/object/public/videos/3870_avc_1080p.png
combine,3869,Expired in Aisle 4,0:45,,https://www.showrunnerstudio.com/app/combine/3869,https://watch.showrunnerapp.xyz/storage/v1/object/public/videos/3869_avc_1080p.png
combine,3868,Unfiled Chaos,1:00,,https://www.showrunnerstudio.com/app/combine/3868,https://watch.showrunnerapp.xyz/storage/v1/object/public/videos/3868_avc_1080p.png
combine,3867,The Great Dissolve,0:45,,https://www.showrunnerstudio.com/app/combine/3867,https://watch.showrunnerapp.xyz/storage/v1/object/public/videos/3867_avc_1080p.png
combine,3866,Overwrite: Wren,1:15,,https://www.showrunnerstudio.com/app/combine/3866,https://watch.showrunnerapp.xyz/storage/v1/object/public/videos/3866_avc_1080p.png
combine,3865,The Final Frequency,0:45,,https://www.showrunnerstudio.com/app/combine/3865,https://watch.showrunnerapp.xyz/storage/v1/object/public/videos/3865_avc_1080p.png
combine,3864,The Sap Sings,0:45,,https://www.showrunnerstudio.com/app/combine/3864,https://watch.showrunnerapp.xyz/storage/v1/object/public/videos/3864_avc_1080p.png
combine,3863,The Brain Tree Prophet,0:30,,https://www.showrunnerstudio.com/app/combine/3863,https://watch.showrunnerapp.xyz/storage/v1/object/public/videos/3863_avc_1080p.png
combine,3860,Counting the Cost,2:14,,https://www.showrunnerstudio.com/app/combine/3860,https://watch.showrunnerapp.xyz/storage/v1/object/public/videos/3860_avc_1080p.png
combine,3859,Paper Crane Justice,1:00,,https://www.showrunnerstudio.com/app/combine/3859,https://watch.showrunnerapp.xyz/storage/v1/object/public/videos/3859_avc_1080p.png
combine,3856,The Hallucination Station,1:15,,https://www.showrunnerstudio.com/app/combine/3856,https://watch.showrunnerapp.xyz/storage/v1/object/public/videos/3856_avc_1080p.png
combine,3855,Shattered Signal,1:15,,https://www.showrunnerstudio.com/app/combine/3855,https://watch.showrunnerapp.xyz/storage/v1/object/public/videos/3855_avc_1080p.png
combine,3854,Untitled,,,https://www.showrunnerstudio.com/app/combine/3854,
combine,3840,The Analog Void,5:22,,https://www.showrunnerstudio.com/app/combine/3840,https://watch.showrunnerapp.xyz/storage/v1/object/public/videos/3840_avc_1080p.png
episode,0517b138-38df-400e-9e3d-8fc8c2a02ba1,Binary Bits & Cosmic Tacos,3:28,,https://www.showrunnerstudio.com/app/episode/0517b138-38df-400e-9e3d-8fc8c2a02ba1,https://watch.showrunnerapp.xyz/storage/v1/object/public/videos/3777_avc_1080p.png
episode,153b8922-9c32-4871-843c-f9ad77cdc8b9,Cereal Reboot,1:15,,https://www.showrunnerstudio.com/app/episode/153b8922-9c32-4871-843c-f9ad77cdc8b9,https://watch.showrunnerapp.xyz/storage/v1/object/public/videos/3775_avc_1080p.png
combine,3791,Badge of Madness,1:29,,https://www.showrunnerstudio.com/app/combine/3791,https://watch.showrunnerapp.xyz/storage/v1/object/public/videos/3791_avc_1080p.png
combine,3779,Live Feed,6:58,,https://www.showrunnerstudio.com/app/combine/3779,https://watch.showrunnerapp.xyz/storage/v1/object/public/videos/3779_avc_1080p.png
combine,3778,No More Worlds,1:00,,https://www.showrunnerstudio.com/app/combine/3778,https://watch.showrunnerapp.xyz/storage/v1/object/public/videos/3778_avc_1080p.png
combine,3777,Binary Bits & Cosmic Tacos,3:28,,https://www.showrunnerstudio.com/app/combine/3777,https://watch.showrunnerapp.xyz/storage/v1/object/public/videos/3777_avc_1080p.png
combine,3776,The Flesh Unbound,2:16,,https://www.showrunnerstudio.com/app/combine/3776,https://watch.showrunnerapp.xyz/storage/v1/object/public/videos/3776_avc_1080p.png
combine,3775,Cereal Reboot,1:15,,https://www.showrunnerstudio.com/app/combine/3775,https://watch.showrunnerapp.xyz/storage/v1/object/public/videos/3775_avc_1080p.png
episode,b0bb2139-8e62-4e35-a5bd-31cab9a13576,Just the start,2:01,,https://www.showrunnerstudio.com/app/episode/b0bb2139-8e62-4e35-a5bd-31cab9a13576,https://watch.showrunnerapp.xyz/storage/v1/object/public/video-assets/reference-images/823e4bab-5e2f-419e-a05e-1a571199adff/ec79eb8f-e3e5-45f3-9943-ef7428b70802.jpg
episode,c0794d19-fee6-434a-9088-85c0a4b544c9,Overstimulated at Ollie’s,10:27,,https://www.showrunnerstudio.com/app/episode/c0794d19-fee6-434a-9088-85c0a4b544c9,https://watch.showrunnerapp.xyz/storage/v1/object/public/video-assets/reference-images/6016df4d-ab12-40f0-8bd1-776acf16f83d/7991f477-ea69-410f-afcd-f8f7f6c4c2c2.jpg
combine,3729,The Glitch Tour,6:26,,https://www.showrunnerstudio.com/app/combine/3729,https://watch.showrunnerapp.xyz/storage/v1/object/public/videos/3729_avc_1080p.png
combine,3728,Farewell Frequency,0:30,,https://www.showrunnerstudio.com/app/combine/3728,https://watch.showrunnerapp.xyz/storage/v1/object/public/videos/3728_avc_1080p.png
combine,3726,Cerebellum Static,0:57,,https://www.showrunnerstudio.com/app/combine/3726,https://watch.showrunnerapp.xyz/storage/v1/object/public/videos/3726_avc_1080p.png
combine,3719,Cloudbound,0:30,,https://www.showrunnerstudio.com/app/combine/3719,https://watch.showrunnerapp.xyz/storage/v1/object/public/videos/3719_avc_1080p.png
combine,3718,The Gilded Gate,0:30,,https://www.showrunnerstudio.com/app/combine/3718,https://watch.showrunnerapp.xyz/storage/v1/object/public/videos/3718_avc_1080p.png
combine,3717,The Stadium Breach,0:30,,https://www.showrunnerstudio.com/app/combine/3717,https://watch.showrunnerapp.xyz/storage/v1/object/public/videos/3717_avc_1080p.png
combine,3716,Sewer Spark,0:30,,https://www.showrunnerstudio.com/app/combine/3716,https://watch.showrunnerapp.xyz/storage/v1/object/public/videos/3716_avc_1080p.png
combine,3715,The Scrap Heap Gamble,0:30,,https://www.showrunnerstudio.com/app/combine/3715,https://watch.showrunnerapp.xyz/storage/v1/object/public/videos/3715_avc_1080p.png
combine,3714,Shattered Sequence,0:30,,https://www.showrunnerstudio.com/app/combine/3714,https://watch.showrunnerapp.xyz/storage/v1/object/public/videos/3714_avc_1080p.png
combine,3713,Screaming Entropy,0:30,,https://www.showrunnerstudio.com/app/combine/3713,https://watch.showrunnerapp.xyz/storage/v1/object/public/videos/3713_avc_1080p.png
combine,3712,For the Views,0:30,,https://www.showrunnerstudio.com/app/combine/3712,https://watch.showrunnerapp.xyz/storage/v1/object/public/videos/3712_avc_1080p.png
combine,3711,The Price of Views,0:30,,https://www.showrunnerstudio.com/app/combine/3711,https://watch.showrunnerapp.xyz/storage/v1/object/public/videos/3711_avc_1080p.png
combine,3710,Deep Storage,0:30,,https://www.showrunnerstudio.com/app/combine/3710,https://watch.showrunnerapp.xyz/storage/v1/object/public/videos/3710_avc_1080p.png
combine,3709,The Deleted,0:30,,https://www.showrunnerstudio.com/app/combine/3709,https://watch.showrunnerapp.xyz/storage/v1/object/public/videos/3709_avc_1080p.png
combine,3708,Pixel Heavens,0:30,,https://www.showrunnerstudio.com/app/combine/3708,https://watch.showrunnerapp.xyz/storage/v1/object/public/videos/3708_avc_1080p.png
episode,56730b65-7e65-4ab8-9c35-8048889e18eb,That Time Again ft. SHMOREZ,37:52,,https://www.showrunnerstudio.com/app/episode/56730b65-7e65-4ab8-9c35-8048889e18eb,https://watch.showrunnerapp.xyz/storage/v1/object/public/video-assets/reference-images/6016df4d-ab12-40f0-8bd1-776acf16f83d/4bf524ef-d106-4fca-86ef-027846cee537.jpg
episode,da600340-7d33-44bb-b585-e6622c57e5b4,A Living Hell,7:28,,https://www.showrunnerstudio.com/app/episode/da600340-7d33-44bb-b585-e6622c57e5b4,https://watch.showrunnerapp.xyz/storage/v1/object/public/video-assets/reference-images/6016df4d-ab12-40f0-8bd1-776acf16f83d/166f6d4d-b273-48b5-969b-e3130d2db497.jpg
combine,3690,Vibe Check,1:00,,https://www.showrunnerstudio.com/app/combine/3690,https://watch.showrunnerapp.xyz/storage/v1/object/public/videos/3690_avc_1080p.png
combine,3689,Inside the Vacuum Tube,0:57,,https://www.showrunnerstudio.com/app/combine/3689,https://watch.showrunnerapp.xyz/storage/v1/object/public/videos/3689_avc_1080p.png
episode,27d000d4-8fa0-4170-8cb8-1e58185eded0,The No Exit Upgrade,0:42,,https://www.showrunnerstudio.com/app/episode/27d000d4-8fa0-4170-8cb8-1e58185eded0,https://watch.showrunnerapp.xyz/storage/v1/object/public/videos/3687_avc_1080p.png
episode,ff2fa711-ae58-42c8-b29e-71f823674aa6,The Skip,0:45,,https://www.showrunnerstudio.com/app/episode/ff2fa711-ae58-42c8-b29e-71f823674aa6,https://watch.showrunnerapp.xyz/storage/v1/object/public/videos/3682_avc_1080p.png
episode,6ccb11cc-c4ea-49b7-af42-5abb98d77fcf,The Threshold Shift,0:57,,https://www.showrunnerstudio.com/app/episode/6ccb11cc-c4ea-49b7-af42-5abb98d77fcf,https://watch.showrunnerapp.xyz/storage/v1/object/public/videos/3688_avc_1080p.png
combine,3688,The Threshold Shift,0:57,,https://www.showrunnerstudio.com/app/combine/3688,https://watch.showrunnerapp.xyz/storage/v1/object/public/videos/3688_avc_1080p.png
episode,64e3b860-e45d-4acd-9b76-c7684e8c7826,The Final Trip,1:31,,https://www.showrunnerstudio.com/app/episode/64e3b860-e45d-4acd-9b76-c7684e8c7826,https://watch.showrunnerapp.xyz/storage/v1/object/public/videos/combined_2026-07-25T16_10_52_847Z.png
combine,3687,The No Exit Upgrade,0:42,,https://www.showrunnerstudio.com/app/combine/3687,https://watch.showrunnerapp.xyz/storage/v1/object/public/videos/3687_avc_1080p.png
combine,3682,The Skip,0:45,,https://www.showrunnerstudio.com/app/combine/3682,https://watch.showrunnerapp.xyz/storage/v1/object/public/videos/3682_avc_1080p.png
episode,5402e8ea-dcc6-4bae-a170-25ae86a8d4bf,The salt factor,0:40,,https://www.showrunnerstudio.com/app/episode/5402e8ea-dcc6-4bae-a170-25ae86a8d4bf,https://watch.showrunnerapp.xyz/storage/v1/object/public/videos/3681_avc_1080p.png
combine,3681,The Slime Factor,0:40,,https://www.showrunnerstudio.com/app/combine/3681,https://watch.showrunnerapp.xyz/storage/v1/object/public/videos/3681_avc_1080p.png
combine,3680,The Static Playground,1:00,,https://www.showrunnerstudio.com/app/combine/3680,https://watch.showrunnerapp.xyz/storage/v1/object/public/videos/3680_avc_1080p.png
combine,3679,The 11:11 Choice,1:00,,https://www.showrunnerstudio.com/app/combine/3679,https://watch.showrunnerapp.xyz/storage/v1/object/public/videos/3679_avc_1080p.png
episode,4af8a40b-86eb-4169-925c-fbe4b5549f78,Cowboys don’t cry - that time again,3:04,,https://www.showrunnerstudio.com/app/episode/4af8a40b-86eb-4169-925c-fbe4b5549f78,https://watch.showrunnerapp.xyz/storage/v1/object/public/video-assets/reference-images/6016df4d-ab12-40f0-8bd1-776acf16f83d/b0feea15-4f73-475d-b7b3-daa18c5374fa.jpg
combine,3678,Pixels Bite Back,0:29,,https://www.showrunnerstudio.com/app/combine/3678,https://watch.showrunnerapp.xyz/storage/v1/object/public/videos/3678_avc_1080p.png
combine,3677,Out of the Box,0:27,,https://www.showrunnerstudio.com/app/combine/3677,https://watch.showrunnerapp.xyz/storage/v1/object/public/videos/3677_avc_1080p.png
combine,3676,Shattered Spirits,0:42,,https://www.showrunnerstudio.com/app/combine/3676,https://watch.showrunnerapp.xyz/storage/v1/object/public/videos/3676_avc_1080p.png
combine,3675,Static Dreams,0:42,,https://www.showrunnerstudio.com/app/combine/3675,https://watch.showrunnerapp.xyz/storage/v1/object/public/videos/3675_avc_1080p.png
combine,3674,The Final Review,0:27,,https://www.showrunnerstudio.com/app/combine/3674,https://watch.showrunnerapp.xyz/storage/v1/object/public/videos/3674_avc_1080p.png
episode,01dc1aa3-4dd5-44bd-93f7-5fca983c0135,Already Gone(2026) Sci-Fi AI Short Film #specialforaaiff,20:35,,https://www.showrunnerstudio.com/app/episode/01dc1aa3-4dd5-44bd-93f7-5fca983c0135,https://watch.showrunnerapp.xyz/storage/v1/object/public/video-assets/reference-images/a8d26606-e336-48f7-9272-aeedf1125ea5/2b8076e3-9cef-46f9-a425-c7a68109656f.jpg
episode,51d1aa2b-86e4-4670-bc0c-69a0baffdc12,wake up intro,0:58,,https://www.showrunnerstudio.com/app/episode/51d1aa2b-86e4-4670-bc0c-69a0baffdc12,https://watch.showrunnerapp.xyz/storage/v1/object/public/video-assets/reference-images/da39e593-6424-46ed-b344-e552264b8494/32750E09-88F2-4C36-B59C-956B15776787.jpg
episode,ae7145d5-2021-4ad4-83ff-4e136265824f,GTA6 the first look,5:24,,https://www.showrunnerstudio.com/app/episode/ae7145d5-2021-4ad4-83ff-4e136265824f,https://watch.showrunnerapp.xyz/storage/v1/object/public/video-assets/reference-images/6016df4d-ab12-40f0-8bd1-776acf16f83d/4FB0A91F-3493-4BCD-B460-3990651529B5.jpg
combine,3668,Viral Glitch,2:27,,https://www.showrunnerstudio.com/app/combine/3668,https://watch.showrunnerapp.xyz/storage/v1/object/public/videos/3668_avc_1080p.png
combine,3667,Digital Delirium,2:37,,https://www.showrunnerstudio.com/app/combine/3667,https://watch.showrunnerapp.xyz/storage/v1/object/public/videos/3667_avc_1080p.png
combine,3660,No More Worlds,1:00,,https://www.showrunnerstudio.com/app/combine/3660,https://watch.showrunnerapp.xyz/storage/v1/object/public/videos/3660_avc_1080p.png
combine,3658,Fuel for the Infinite,0:30,,https://www.showrunnerstudio.com/app/combine/3658,https://watch.showrunnerapp.xyz/storage/v1/object/public/videos/3658_avc_1080p.png
combine,3656,The Purge of Choice,1:15,,https://www.showrunnerstudio.com/app/combine/3656,https://watch.showrunnerapp.xyz/storage/v1/object/public/videos/3656_avc_1080p.png
combine,3655,Glass Utopia,0:30,,https://www.showrunnerstudio.com/app/combine/3655,https://watch.showrunnerapp.xyz/storage/v1/object/public/videos/3655_avc_1080p.png
episode,12cd56e2-98de-42e7-9793-1904c24f8887,It's the end of the world,6:01,,https://www.showrunnerstudio.com/app/episode/12cd56e2-98de-42e7-9793-1904c24f8887,https://watch.showrunnerapp.xyz/storage/v1/object/public/videos/total-collapse/total-collapse_episode1_2026-08-31T02_55_48_177Z_lqmzkes3.png
combine,3651,What Remains,6:01,,https://www.showrunnerstudio.com/app/combine/3651,https://watch.showrunnerapp.xyz/storage/v1/object/public/videos/3651_avc_1080p.png
combine,3616,Glitch in the Gaze,2:00,,https://www.showrunnerstudio.com/app/combine/3616,https://watch.showrunnerapp.xyz/storage/v1/object/public/videos/3616_avc_1080p.png
episode,992e604e-9e89-430f-92b6-5c475f54a5de,"In the past, there wasn’t robots",2:15,,https://www.showrunnerstudio.com/app/episode/992e604e-9e89-430f-92b6-5c475f54a5de,https://watch.showrunnerapp.xyz/storage/v1/object/public/videos/3614_avc_1080p.png
combine,3614,The Broadcast Signal,2:15,,https://www.showrunnerstudio.com/app/combine/3614,https://watch.showrunnerapp.xyz/storage/v1/object/public/videos/3614_avc_1080p.png
episode,acad2481-58d9-4296-a94b-9ba69eca58ef,The Great Firewall,3:46,,https://www.showrunnerstudio.com/app/episode/acad2481-58d9-4296-a94b-9ba69eca58ef,https://watch.showrunnerapp.xyz/storage/v1/object/public/videos/3612_avc_1080p.png
combine,3613,The Crystal Cage,1:30,,https://www.showrunnerstudio.com/app/combine/3613,https://watch.showrunnerapp.xyz/storage/v1/object/public/videos/3613_avc_1080p.png
combine,3612,The Great Firewall,3:46,,https://www.showrunnerstudio.com/app/combine/3612,https://watch.showrunnerapp.xyz/storage/v1/object/public/videos/3612_avc_1080p.png
episode,cf3ecf97-c563-4500-bc95-366f0b9fca86,Take me to the river,4:16,,https://www.showrunnerstudio.com/app/episode/cf3ecf97-c563-4500-bc95-366f0b9fca86,https://watch.showrunnerapp.xyz/storage/v1/object/public/video-assets/reference-images/51326fa1-91be-49c3-a5a1-cb88dd261613/BA897251-DF77-4ED4-B1F5-4D7340B5B2F6.jpg
combine,3609,The Golden Glitch,4:16,,https://www.showrunnerstudio.com/app/combine/3609,https://watch.showrunnerapp.xyz/storage/v1/object/public/videos/3609_avc_1080p.png
combine,3608,The Signal's Choice,1:15,,https://www.showrunnerstudio.com/app/combine/3608,https://watch.showrunnerapp.xyz/storage/v1/object/public/videos/3608_avc_1080p.png
episode,9928845a-3823-4cb6-add5-dc2ee860087f,Extra Sharp,2:46,,https://www.showrunnerstudio.com/app/episode/9928845a-3823-4cb6-add5-dc2ee860087f,https://watch.showrunnerapp.xyz/storage/v1/object/public/videos/3606_avc_1080p.png
episode,6f67f5a5-bafc-403b-8f63-61ae2d69de06,Carbonara's Call,0:45,,https://www.showrunnerstudio.com/app/episode/6f67f5a5-bafc-403b-8f63-61ae2d69de06,https://watch.showrunnerapp.xyz/storage/v1/object/public/videos/3605_avc_1080p.png
combine,3606,Extra Sharp,2:46,,https://www.showrunnerstudio.com/app/combine/3606,https://watch.showrunnerapp.xyz/storage/v1/object/public/videos/3606_avc_1080p.png
combine,3605,Carbonara's Call,0:45,,https://www.showrunnerstudio.com/app/combine/3605,https://watch.showrunnerapp.xyz/storage/v1/object/public/videos/3605_avc_1080p.png
episode,e4ac61ce-3659-4ba4-9af3-fdbf6985491d,The Prismatic Panic,2:00,,https://www.showrunnerstudio.com/app/episode/e4ac61ce-3659-4ba4-9af3-fdbf6985491d,https://watch.showrunnerapp.xyz/storage/v1/object/public/videos/3584_avc_1080p.png
episode,7cf79d29-a7ce-4328-959a-63ed184f560c,The Dose is Wrong,2:00,,https://www.showrunnerstudio.com/app/episode/7cf79d29-a7ce-4328-959a-63ed184f560c,https://watch.showrunnerapp.xyz/storage/v1/object/public/videos/3586_avc_1080p.png
combine,3586,The Dose is Wrong,2:00,,https://www.showrunnerstudio.com/app/combine/3586,https://watch.showrunnerapp.xyz/storage/v1/object/public/videos/3586_avc_1080p.png
combine,3584,The Prismatic Panic,2:00,,https://www.showrunnerstudio.com/app/combine/3584,https://watch.showrunnerapp.xyz/storage/v1/object/public/videos/3584_avc_1080p.png
episode,9a9cafbe-1e8b-409a-b1d9-b49319221e87,Efficiency Is Eternity,3:01,,https://www.showrunnerstudio.com/app/episode/9a9cafbe-1e8b-409a-b1d9-b49319221e87,https://watch.showrunnerapp.xyz/storage/v1/object/public/videos/combined_2026-07-17T14_42_09_916Z.png
episode,0c683db6-243b-4f89-a4a8-9df265be600f,The Fractured Lattice,1:00,,https://www.showrunnerstudio.com/app/episode/0c683db6-243b-4f89-a4a8-9df265be600f,https://watch.showrunnerapp.xyz/storage/v1/object/public/videos/combined_2026-06-10T11_45_07_921Z.png
episode,872d0751-536b-4326-a066-aa698605512e,Mother Nature's Price,0:45,,https://www.showrunnerstudio.com/app/episode/872d0751-536b-4326-a066-aa698605512e,https://watch.showrunnerapp.xyz/storage/v1/object/public/videos/combined_2026-06-10T11_47_07_771Z.png
episode,66d5efdc-64e8-4a74-9534-b7f50f568bf7,Don't Blink,0:30,,https://www.showrunnerstudio.com/app/episode/66d5efdc-64e8-4a74-9534-b7f50f568bf7,https://watch.showrunnerapp.xyz/storage/v1/object/public/videos/combined_2026-06-09T21_32_23_011Z.png
episode,1e8e367f-b338-460a-826d-23c71c80690b,Don't Blink,0:45,,https://www.showrunnerstudio.com/app/episode/1e8e367f-b338-460a-826d-23c71c80690b,https://watch.showrunnerapp.xyz/storage/v1/object/public/videos/combined_2026-06-10T11_46_33_042Z.png
episode,2874755d-7721-4563-a3a9-8c1403b39e6f,4:40 to Willow,2:00,,https://www.showrunnerstudio.com/app/episode/2874755d-7721-4563-a3a9-8c1403b39e6f,https://watch.showrunnerapp.xyz/storage/v1/object/public/videos/3579_avc_1080p.png
episode,8344ac86-f3af-469b-ba67-d830ccfadee4,Driftwave Static,5:31,,https://www.showrunnerstudio.com/app/episode/8344ac86-f3af-469b-ba67-d830ccfadee4,https://watch.showrunnerapp.xyz/storage/v1/object/public/videos/3582_avc_1080p.png
episode,ee3f1c0e-337b-47d1-97fa-24ad5b44121a,Play Time’s over,9:17,,https://www.showrunnerstudio.com/app/episode/ee3f1c0e-337b-47d1-97fa-24ad5b44121a,https://watch.showrunnerapp.xyz/storage/v1/object/public/videos/3580_avc_1080p.png
episode,16f13906-b159-413d-a6aa-1c8d58b333fc,The Last Tick,1:15,,https://www.showrunnerstudio.com/app/episode/16f13906-b159-413d-a6aa-1c8d58b333fc,https://watch.showrunnerapp.xyz/storage/v1/object/public/videos/3581_avc_1080p.png
combine,3583,The Final Trip,6:01,,https://www.showrunnerstudio.com/app/combine/3583,https://watch.showrunnerapp.xyz/storage/v1/object/public/videos/3583_avc_1080p.png
combine,3582,Tracking Error,5:31,,https://www.showrunnerstudio.com/app/combine/3582,https://watch.showrunnerapp.xyz/storage/v1/object/public/videos/3582_avc_1080p.png
combine,3581,The Last Tick,1:15,,https://www.showrunnerstudio.com/app/combine/3581,https://watch.showrunnerapp.xyz/storage/v1/object/public/videos/3581_avc_1080p.png
combine,3580,Hard Plastic,9:17,,https://www.showrunnerstudio.com/app/combine/3580,https://watch.showrunnerapp.xyz/storage/v1/object/public/videos/3580_avc_1080p.png
combine,3579,4:40 to Willow,2:00,,https://www.showrunnerstudio.com/app/combine/3579,https://watch.showrunnerapp.xyz/storage/v1/object/public/videos/3579_avc_1080p.png
combine,3552,"Micasa, Sucasa",3:01,,https://www.showrunnerstudio.com/app/combine/3552,https://watch.showrunnerapp.xyz/storage/v1/object/public/videos/3552_avc_1080p.png
combine,3551,The Resonant Archive,3:31,,https://www.showrunnerstudio.com/app/combine/3551,https://watch.showrunnerapp.xyz/storage/v1/object/public/videos/3551_avc_1080p.png
combine,3550,Scrubbed From the Feed,1:00,,https://www.showrunnerstudio.com/app/combine/3550,https://watch.showrunnerapp.xyz/storage/v1/object/public/videos/3550_avc_1080p.png
episode,af994208-f514-490a-bb4f-f00370382a14,Episode 1,2:00,,https://www.showrunnerstudio.com/app/episode/af994208-f514-490a-bb4f-f00370382a14,https://watch.showrunnerapp.xyz/storage/v1/object/public/videos/true-love-will-find-us-in-the-end/true-love-will-find-us-in-the-end_episode1_2026-08-27T12_32_25_776Z_rqv6i90z.png
episode,18b4368b-655e-4b6f-83c4-08d3daa97bea,Episode 1,3:16,,https://www.showrunnerstudio.com/app/episode/18b4368b-655e-4b6f-83c4-08d3daa97bea,https://watch.showrunnerapp.xyz/storage/v1/object/public/videos/true-love-will-find-us-in-the-end/true-love-will-find-us-in-the-end_episode1_2026-08-27T12_30_46_805Z_9jo409x0.png
combine,3548,The Bleeding Record,3:16,,https://www.showrunnerstudio.com/app/combine/3548,https://watch.showrunnerapp.xyz/storage/v1/object/public/videos/3548_avc_1080p.png
combine,3547,Mirror Groove,2:00,,https://www.showrunnerstudio.com/app/combine/3547,https://watch.showrunnerapp.xyz/storage/v1/object/public/videos/3547_avc_1080p.png
episode,6f68a892-f424-49d5-becd-ffa0ca1085d3,The Couch Dimension,3:46,,https://www.showrunnerstudio.com/app/episode/6f68a892-f424-49d5-becd-ffa0ca1085d3,https://watch.showrunnerapp.xyz/storage/v1/object/public/videos/3535_avc_1080p.png
episode,30b1341e-80bb-4e1f-ab9f-0abcf631d67d,Untitled,1:15,,https://www.showrunnerstudio.com/app/episode/30b1341e-80bb-4e1f-ab9f-0abcf631d67d,https://watch.showrunnerapp.xyz/storage/v1/object/public/video-assets/reference-images/9ebf25ec-18e3-42aa-a244-7d9a62ca8d06/E29956DF-D8C9-4CE8-8E62-FBF9B8060C7B.jpg
episode,2738dba6-7332-4271-b961-115e3bd1f746,Memory Leak,2:15,,https://www.showrunnerstudio.com/app/episode/2738dba6-7332-4271-b961-115e3bd1f746,https://watch.showrunnerapp.xyz/storage/v1/object/public/videos/combined_2026-06-08T16_01_59_676Z.png
episode,b7eb3aad-d675-4bda-979b-eb2a5b3b2e1a,The Reclamation Hatch,1:00,,https://www.showrunnerstudio.com/app/episode/b7eb3aad-d675-4bda-979b-eb2a5b3b2e1a,https://watch.showrunnerapp.xyz/storage/v1/object/public/videos/combined_2026-06-09T15_18_36_049Z.png
episode,e3a06ade-7be3-434c-a95d-5d387d4c39d2,Simulation Error,0:45,,https://www.showrunnerstudio.com/app/episode/e3a06ade-7be3-434c-a95d-5d387d4c39d2,https://watch.showrunnerapp.xyz/storage/v1/object/public/videos/combined_2026-06-09T15_20_30_736Z.png
episode,f06bb983-9cb6-4e2e-a5d5-3b27ae17a793,Dissolving Horizons,1:31,,https://www.showrunnerstudio.com/app/episode/f06bb983-9cb6-4e2e-a5d5-3b27ae17a793,https://watch.showrunnerapp.xyz/storage/v1/object/public/videos/combined_2026-07-22T05_38_26_618Z.png
episode,3dcba7da-f317-47f8-ada6-fca13bc9c072,Static Sacrifice,1:31,,https://www.showrunnerstudio.com/app/episode/3dcba7da-f317-47f8-ada6-fca13bc9c072,https://watch.showrunnerapp.xyz/storage/v1/object/public/videos/combined_2026-07-22T05_58_55_986Z.png
episode,9b43c314-c172-476d-ae78-fbf89bffb1cb,Last Call at the Vault,3:46,,https://www.showrunnerstudio.com/app/episode/9b43c314-c172-476d-ae78-fbf89bffb1cb,https://watch.showrunnerapp.xyz/storage/v1/object/public/video-assets/reference-images/0cf1d035-1852-40f5-acfd-0b6f878a1aef/EA7F8437-7F0E-4709-926B-CDEB3E18A7F7.jpg
episode,237d7c67-bb36-4f1f-b98b-954a40f06ed2,The Soul Patch,2:46,,https://www.showrunnerstudio.com/app/episode/237d7c67-bb36-4f1f-b98b-954a40f06ed2,https://watch.showrunnerapp.xyz/storage/v1/object/public/videos/combined_2026-07-25T01_41_01_583Z.png
episode,2d412505-63b0-47b4-b4a6-27850dd7ef4a,The Cosmic Checkout,2:30,,https://www.showrunnerstudio.com/app/episode/2d412505-63b0-47b4-b4a6-27850dd7ef4a,https://watch.showrunnerapp.xyz/storage/v1/object/public/videos/3534_avc_1080p.png
combine,3536,The Burrito Protocol,6:31,,https://www.showrunnerstudio.com/app/combine/3536,https://watch.showrunnerapp.xyz/storage/v1/object/public/videos/3536_avc_1080p.png
combine,3535,The Couch Dimension,3:46,,https://www.showrunnerstudio.com/app/combine/3535,https://watch.showrunnerapp.xyz/storage/v1/object/public/videos/3535_avc_1080p.png
combine,3534,The Cosmic Checkout,2:30,,https://www.showrunnerstudio.com/app/combine/3534,https://watch.showrunnerapp.xyz/storage/v1/object/public/videos/3534_avc_1080p.png
episode,83310be5-8354-43c3-9f26-c4979ca1787a,Episode 1 Static Appetite mobile,2:01,,https://www.showrunnerstudio.com/app/episode/83310be5-8354-43c3-9f26-c4979ca1787a,https://watch.showrunnerapp.xyz/storage/v1/object/public/videos/combined_2026-07-21T23_34_14_619Z.png
episode,b5865596-48bf-484a-b8fc-b17920cbbff7,Episode 2 Static Lunch mobile,1:46,,https://www.showrunnerstudio.com/app/episode/b5865596-48bf-484a-b8fc-b17920cbbff7,https://watch.showrunnerapp.xyz/storage/v1/object/public/videos/combined_2026-07-22T05_13_55_248Z.png
episode,2c1532bb-7592-4e0b-8156-021571c6cc14,Episode 2 The Sun's Bitter Flavor ￼￼ wide screen,2:31,,https://www.showrunnerstudio.com/app/episode/2c1532bb-7592-4e0b-8156-021571c6cc14,https://watch.showrunnerapp.xyz/storage/v1/object/public/videos/combined_2026-07-22T05_42_23_850Z.png
episode,73cf9be7-0a3a-4acc-affa-7620cae0c42a,Episode 1 Seasoned Soul - wide screen,1:30,,https://www.showrunnerstudio.com/app/episode/73cf9be7-0a3a-4acc-affa-7620cae0c42a,https://watch.showrunnerapp.xyz/storage/v1/object/public/videos/that-time-again-with-al-sloppy-556ffae1/that-time-again-with-al-sloppy-556ffae1_episode1_2026-08-25T22_44_48_519Z_v5f026ss.png
episode,5d40ee59-c56d-4b0c-9fad-f120dbfd62c3,Episode 1,1:30,,https://www.showrunnerstudio.com/app/episode/5d40ee59-c56d-4b0c-9fad-f120dbfd62c3,https://watch.showrunnerapp.xyz/storage/v1/object/public/videos/the-architecture-of-echoes/the-architecture-of-echoes_episode1_2026-08-24T23_28_46_608Z_kneru7f8.png
episode,eaa14c75-6928-4d77-a6b6-8dcd3bc790e6,Episode 1,2:46,,https://www.showrunnerstudio.com/app/episode/eaa14c75-6928-4d77-a6b6-8dcd3bc790e6,https://watch.showrunnerapp.xyz/storage/v1/object/public/videos/night-tape-redline/night-tape-redline_episode1_2026-08-24T23_23_22_667Z_bj64og2j.png
episode,949e36b0-4d03-4a97-b84c-d84b56a1ebf0,Episode 1,2:31,,https://www.showrunnerstudio.com/app/episode/949e36b0-4d03-4a97-b84c-d84b56a1ebf0,https://watch.showrunnerapp.xyz/storage/v1/object/public/videos/night-tape-redline/night-tape-redline_episode1_2026-08-24T23_20_54_242Z_xfz08vkn.png
episode,7d42e561-6c65-4bc9-bee6-af26ee9a353c,"One catfish my father, and now we can’t get married",10:01,1mo,https://www.showrunnerstudio.com/app/episode/7d42e561-6c65-4bc9-bee6-af26ee9a353c,https://watch.showrunnerapp.xyz/storage/v1/object/public/video-assets/reference-images/2e21df48-dd6e-48b4-a517-fa2086d3fb98/D66AD17F-9E92-4BC9-ACFD-A09EAC2A3D55.jpg
episode,f7984786-5c8b-4e3b-9e82-0df139fed1e6,The Pilot,7:51,1mo,https://www.showrunnerstudio.com/app/episode/f7984786-5c8b-4e3b-9e82-0df139fed1e6,https://watch.showrunnerapp.xyz/storage/v1/object/public/video-assets/reference-images/2e21df48-dd6e-48b4-a517-fa2086d3fb98/5D526A0A-F9DC-4A88-A8B4-B02DEF3DA83D.jpg
episode,a13eb331-52ad-4485-9790-5dfe6fdc0906,Episode 1 static appetite ￼ wide screen,1:46,1mo,https://www.showrunnerstudio.com/app/episode/a13eb331-52ad-4485-9790-5dfe6fdc0906,https://watch.showrunnerapp.xyz/storage/v1/object/public/videos/overstimulated-ollie/overstimulated-ollie_episode1_2026-08-24T00_05_40_483Z_q263kxj1.png
episode,689e7e0b-c12a-46ac-bc0f-f297f362cbcf,Episode 1,1:00,1mo,https://www.showrunnerstudio.com/app/episode/689e7e0b-c12a-46ac-bc0f-f297f362cbcf,https://watch.showrunnerapp.xyz/storage/v1/object/public/videos/fat-guy-with-cheese/fat-guy-with-cheese_episode1_2026-08-23T23_53_18_462Z_geuexk4c.png
episode,227a02c5-c0a9-4818-8902-b55d3eaae6af,When oCean meets sky chapter 1,8:33,1mo,https://www.showrunnerstudio.com/app/episode/227a02c5-c0a9-4818-8902-b55d3eaae6af,https://watch.showrunnerapp.xyz/storage/v1/object/public/video-assets/reference-images/5866e2a4-af81-47ba-b4ec-fcad0a8d898f/d15d4fe4-12ad-42fb-a947-296c8e0a3595.jpg
episode,7bb30a8b-4421-4b70-865f-45f84b514d6a,Bardo begins,2:31,1mo,https://www.showrunnerstudio.com/app/episode/7bb30a8b-4421-4b70-865f-45f84b514d6a,https://watch.showrunnerapp.xyz/storage/v1/object/public/video-assets/reference-images/766adb8b-d442-40de-b295-936414e562d3/bbec00e4-9473-4eb7-ab1c-78ee66afb184.jpg
combine,3041,Untitled,,1mo,https://www.showrunnerstudio.com/app/combine/3041,
combine,2861,Untitled,,1mo,https://www.showrunnerstudio.com/app/combine/2861,
combine,2860,Untitled,,1mo,https://www.showrunnerstudio.com/app/combine/2860,
combine,2848,The Final Trip,,1mo,https://www.showrunnerstudio.com/app/combine/2848,https://watch.showrunnerapp.xyz/storage/v1/object/public/videos/combined_2026-07-25T16_10_52_847Z.png
combine,2847,The Melting Reset,,1mo,https://www.showrunnerstudio.com/app/combine/2847,https://watch.showrunnerapp.xyz/storage/v1/object/public/videos/combined_2026-07-25T16_07_31_426Z.png
combine,2846,Untitled,,1mo,https://www.showrunnerstudio.com/app/combine/2846,
combine,2840,Untitled,,1mo,https://www.showrunnerstudio.com/app/combine/2840,
combine,2839,The Soul Patch,,1mo,https://www.showrunnerstudio.com/app/combine/2839,https://watch.showrunnerapp.xyz/storage/v1/object/public/videos/combined_2026-07-25T01_41_01_583Z.png
combine,2838,Untitled,,1mo,https://www.showrunnerstudio.com/app/combine/2838,
combine,2837,Untitled,,1mo,https://www.showrunnerstudio.com/app/combine/2837,
combine,2836,Untitled,,1mo,https://www.showrunnerstudio.com/app/combine/2836,
combine,2835,Untitled,,1mo,https://www.showrunnerstudio.com/app/combine/2835,
combine,2833,The Deletion Protocol,,1mo,https://www.showrunnerstudio.com/app/combine/2833,https://watch.showrunnerapp.xyz/storage/v1/object/public/videos/combined_2026-07-25T00_36_42_384Z.png
combine,2832,The After-Hours Audit,,1mo,https://www.showrunnerstudio.com/app/combine/2832,https://watch.showrunnerapp.xyz/storage/v1/object/public/videos/combined_2026-07-25T00_27_24_198Z.png
combine,2831,Untitled,,1mo,https://www.showrunnerstudio.com/app/combine/2831,
combine,2828,Driftwave Static,,1mo,https://www.showrunnerstudio.com/app/combine/2828,https://watch.showrunnerapp.xyz/storage/v1/object/public/videos/combined_2026-07-24T22_52_43_953Z.png
combine,2827,Static Echoes,,1mo,https://www.showrunnerstudio.com/app/combine/2827,https://watch.showrunnerapp.xyz/storage/v1/object/public/videos/combined_2026-07-24T22_51_59_600Z.png
combine,2825,Last Call at the Vault,,1mo,https://www.showrunnerstudio.com/app/combine/2825,https://watch.showrunnerapp.xyz/storage/v1/object/public/videos/combined_2026-07-24T22_00_36_822Z.png
combine,2784,Frequency Clash,,2mo,https://www.showrunnerstudio.com/app/combine/2784,https://watch.showrunnerapp.xyz/storage/v1/object/public/videos/combined_2026-07-23T22_42_54_481Z.png
combine,2783,Untitled,,2mo,https://www.showrunnerstudio.com/app/combine/2783,
combine,2782,The Belly Lounge,,2mo,https://www.showrunnerstudio.com/app/combine/2782,https://watch.showrunnerapp.xyz/storage/v1/object/public/videos/combined_2026-07-23T22_20_27_954Z.png
combine,2781,The Toybox Takedown,,2mo,https://www.showrunnerstudio.com/app/combine/2781,https://watch.showrunnerapp.xyz/storage/v1/object/public/videos/combined_2026-07-23T22_17_04_100Z.png
combine,2780,Giant Paws,,2mo,https://www.showrunnerstudio.com/app/combine/2780,https://watch.showrunnerapp.xyz/storage/v1/object/public/videos/combined_2026-07-23T22_12_40_956Z.png
combine,2778,No Emotion,,2mo,https://www.showrunnerstudio.com/app/combine/2778,https://watch.showrunnerapp.xyz/storage/v1/object/public/videos/combined_2026-07-23T22_04_20_220Z.png
combine,2763,Untitled,,2mo,https://www.showrunnerstudio.com/app/combine/2763,
combine,2743,Static Sacrifice,,2mo,https://www.showrunnerstudio.com/app/combine/2743,https://watch.showrunnerapp.xyz/storage/v1/object/public/videos/combined_2026-07-22T05_58_55_986Z.png
combine,2741,The Redline Ritual,,2mo,https://www.showrunnerstudio.com/app/combine/2741,https://watch.showrunnerapp.xyz/storage/v1/object/public/videos/combined_2026-07-22T05_58_15_336Z.png
combine,2740,Signal's Hunger,,2mo,https://www.showrunnerstudio.com/app/combine/2740,https://watch.showrunnerapp.xyz/storage/v1/object/public/videos/combined_2026-07-22T05_53_03_720Z.png
combine,2739,Dissolving Horizons,,2mo,https://www.showrunnerstudio.com/app/combine/2739,https://watch.showrunnerapp.xyz/storage/v1/object/public/videos/combined_2026-07-22T05_38_26_618Z.png
combine,2738,The Sun's Bitter Flavor,,2mo,https://www.showrunnerstudio.com/app/combine/2738,https://watch.showrunnerapp.xyz/storage/v1/object/public/videos/combined_2026-07-22T05_42_23_850Z.png
combine,2737,The Final Flavor,,2mo,https://www.showrunnerstudio.com/app/combine/2737,https://watch.showrunnerapp.xyz/storage/v1/object/public/videos/combined_2026-07-22T05_13_55_248Z.png
combine,2727,Static Appetite,,2mo,https://www.showrunnerstudio.com/app/combine/2727,https://watch.showrunnerapp.xyz/storage/v1/object/public/videos/combined_2026-07-21T23_34_14_619Z.png
combine,2724,Static Lunch,,2mo,https://www.showrunnerstudio.com/app/combine/2724,https://watch.showrunnerapp.xyz/storage/v1/object/public/videos/combined_2026-07-21T23_14_50_124Z.png
combine,2637,Efficiency Is Eternity,,2mo,https://www.showrunnerstudio.com/app/combine/2637,https://watch.showrunnerapp.xyz/storage/v1/object/public/videos/combined_2026-07-17T14_42_09_916Z.png
combine,2455,The Glitch Harvest,,2mo,https://www.showrunnerstudio.com/app/combine/2455,https://watch.showrunnerapp.xyz/storage/v1/object/public/videos/combined_2026-07-11T23_09_36_238Z.png
combine,2454,Foundations of Dread,,2mo,https://www.showrunnerstudio.com/app/combine/2454,https://watch.showrunnerapp.xyz/storage/v1/object/public/videos/combined_2026-07-11T23_05_48_848Z.png
combine,2251,The Seams of Reality,,2mo,https://www.showrunnerstudio.com/app/combine/2251,https://watch.showrunnerapp.xyz/storage/v1/object/public/videos/combined_2026-07-07T00_13_57_342Z.png
combine,1618,The 8 O'Clock Threshold,,3mo,https://www.showrunnerstudio.com/app/combine/1618,https://watch.showrunnerapp.xyz/storage/v1/object/public/videos/combined_2026-06-13T19_57_19_163Z.png
combine,1605,Untitled,,3mo,https://www.showrunnerstudio.com/app/combine/1605,
combine,1604,System Offline,,3mo,https://www.showrunnerstudio.com/app/combine/1604,https://watch.showrunnerapp.xyz/storage/v1/object/public/videos/combined_2026-06-12T21_39_57_483Z.png
combine,1594,Untitled,,3mo,https://www.showrunnerstudio.com/app/combine/1594,
combine,1593,The Echo Archive,,3mo,https://www.showrunnerstudio.com/app/combine/1593,https://watch.showrunnerapp.xyz/storage/v1/object/public/videos/combined_2026-06-12T01_24_09_324Z.png
combine,1581,Shattered Spectrum,0:45,3mo,https://www.showrunnerstudio.com/app/combine/1581,https://watch.showrunnerapp.xyz/storage/v1/object/public/videos/1581_avc_1080p.png
combine,1580,Untitled,,3mo,https://www.showrunnerstudio.com/app/combine/1580,
combine,1579,Untitled,,3mo,https://www.showrunnerstudio.com/app/combine/1579,
combine,1578,Untitled,,3mo,https://www.showrunnerstudio.com/app/combine/1578,
combine,1566,The Jester's Cruel Game,,3mo,https://www.showrunnerstudio.com/app/combine/1566,https://watch.showrunnerapp.xyz/storage/v1/object/public/videos/combined_2026-06-10T11_46_33_042Z.png
combine,1565,Mother Nature's Price,,3mo,https://www.showrunnerstudio.com/app/combine/1565,https://watch.showrunnerapp.xyz/storage/v1/object/public/videos/combined_2026-06-10T11_47_07_771Z.png
combine,1564,The Fractured Lattice,,3mo,https://www.showrunnerstudio.com/app/combine/1564,https://watch.showrunnerapp.xyz/storage/v1/object/public/videos/combined_2026-06-10T11_45_07_921Z.png
combine,1563,Untitled,,3mo,https://www.showrunnerstudio.com/app/combine/1563,
combine,1562,Untitled,,3mo,https://www.showrunnerstudio.com/app/combine/1562,
combine,1561,Untitled,,3mo,https://www.showrunnerstudio.com/app/combine/1561,
combine,1551,Don't Blink,,3mo,https://www.showrunnerstudio.com/app/combine/1551,https://watch.showrunnerapp.xyz/storage/v1/object/public/videos/combined_2026-06-09T21_32_23_011Z.png
combine,1549,Simulation Error,,3mo,https://www.showrunnerstudio.com/app/combine/1549,https://watch.showrunnerapp.xyz/storage/v1/object/public/videos/combined_2026-06-09T15_20_30_736Z.png
combine,1548,The Reclamation Hatch,,3mo,https://www.showrunnerstudio.com/app/combine/1548,https://watch.showrunnerapp.xyz/storage/v1/object/public/videos/combined_2026-06-09T15_18_36_049Z.png
combine,1538,The Funky Soul's Crystal Rebirth,1:00,3mo,https://www.showrunnerstudio.com/app/combine/1538,https://watch.showrunnerapp.xyz/storage/v1/object/public/videos/1538_avc_1080p.png
combine,1535,The Curd Realm,,3mo,https://www.showrunnerstudio.com/app/combine/1535,https://watch.showrunnerapp.xyz/storage/v1/object/public/videos/combined_2026-06-08T23_37_46_162Z.png
combine,1529,Untitled,,3mo,https://www.showrunnerstudio.com/app/combine/1529,
combine,1528,Memory Leak,,3mo,https://www.showrunnerstudio.com/app/combine/1528,https://watch.showrunnerapp.xyz/storage/v1/object/public/videos/combined_2026-06-08T16_01_59_676Z.png
combine,1527,The Sanguine Cradle,0:45,3mo,https://www.showrunnerstudio.com/app/combine/1527,https://watch.showrunnerapp.xyz/storage/v1/object/public/videos/1527_avc_1080p.png
combine,1526,Official Disposal,2:00,3mo,https://www.showrunnerstudio.com/app/combine/1526,https://watch.showrunnerapp.xyz/storage/v1/object/public/videos/1526_avc_1080p.png
combine,1128,Untitled,,6mo,https://www.showrunnerstudio.com/app/combine/1128,https://watch.showrunnerapp.xyz/storage/v1/object/public/videos/SC24_rock_hard_is_questio_2026_02_26T16_08_43_417Z_20260301155854904.png
