show,name,id,image_url
ACTION SQUAD NOW!,The Corse Porch,414dca65-9405-4052-a35b-0124206ad9b1,https://watch.showrunnerapp.xyz/storage/v1/object/public/video-assets/gpt-image-sets/the_corse_porch_1788170502720_1788170502720_xcayhpggzf.png
ACTION SQUAD NOW!,The Mach-Speed Metro-Mover,602b6fce-a266-4740-9abe-890360efd1b5,https://watch.showrunnerapp.xyz/storage/v1/object/public/video-assets/gpt-image-sets/the_mach-speed_metro-mover_1784843600216_1784843600216_wa9oulojl5i.png
ACTION SQUAD NOW!,The Tide-Pool Turbine Town,340990a3-dfac-4297-a915-77180e0a1363,https://watch.showrunnerapp.xyz/storage/v1/object/public/video-assets/gpt-image-sets/the_tide-pool_turbine_town_1784840192030_1784840192031_s44crdoaygn.png
ACTION SQUAD NOW!,San Andreas Grove Street cul-de-sac,e6b38073-8a02-45bd-b347-54ceda560738,https://watch.showrunnerapp.xyz/storage/v1/object/public/video-assets/gpt-image-sets/san_andreas_grove_street_cul-de-sac_1784839452766_1784839452767_gx66y3k1j5n.png
ACTION SQUAD NOW!,The Underground Audio Lair,b63fdc12-f5cf-4119-bec2-9d0fc911003d,https://watch.showrunnerapp.xyz/storage/v1/object/public/video-assets/gpt-image-sets/the_underground_audio_lair_1784833171120_1784833171121_20rebipqt5u.png
ACTION SQUAD NOW!,Skull Manor,3d2e9c19-8817-4cb3-b606-b291bd777570,https://watch.showrunnerapp.xyz/storage/v1/object/public/video-assets/gpt-image-sets/skull_manor_1786914604213_1786914604213_uuw1gh4k77.png
the last organic witness,The Grotto of Ghost Signals,3f072860-612a-457a-9c63-167542985e8f,https://watch.showrunnerapp.xyz/storage/v1/object/public/video-assets/gpt-image-sets/the_grotto_of_ghost_signals_1788288190752_1788288190752_xu3rqhek6j.png
the last organic witness,The Corse Porch,f660b320-c59a-4b46-9b60-73901932c04b,https://watch.showrunnerapp.xyz/storage/v1/object/public/video-assets/gpt-image-sets/the_corse_porch_1788169242681_1788169242681_4xiofth0tlb.png
the last organic witness,The Aetheria Celestial Concourse,0507ad79-5eb3-45b5-bcf6-3fe9e921b338,https://watch.showrunnerapp.xyz/storage/v1/object/public/video-assets/gpt-image-sets/the_aetheria_celestial_concourse_1788057006047_1788057006048_x27rdoctnwp.png
the last organic witness,The Verdant Threshold Gate,e1cb68d1-7cb1-4b03-ac58-7169d55f7cd1,https://watch.showrunnerapp.xyz/storage/v1/object/public/video-assets/gpt-image-sets/the_verdant_threshold_gate_1788056315842_1788056315843_zu58vjvk9eg.png
the last organic witness,The Obsidian Abyss of the Lower Spires,e6493f8c-a7cd-4306-bda7-9fd59a25b1c1,https://watch.showrunnerapp.xyz/storage/v1/object/public/video-assets/gpt-image-sets/the_obsidian_abyss_of_the_lower_spires_1788057002267_1788057002267_2qzoa10pe2l.png
the last organic witness,The Promenade of the Thousandfold Face,da1e51c2-0674-4247-b913-3eb447c4df69,https://watch.showrunnerapp.xyz/storage/v1/object/public/video-assets/gpt-image-sets/the_promenade_of_the_thousandfold_face_1788056977135_1788056977135_pewy8h73pj.png
Blotter,The Crestwood Pines Recreational Fishing Hole,4eeed80d-b4ab-43d2-8bed-7316b40bddd5,https://watch.showrunnerapp.xyz/storage/v1/object/public/video-assets/gpt-image-sets/the_crestwood_pines_recreational_fishing_hole_1787951717126_1787951717126_an41xklzs3w.png
Blotter,The Maruyama Residence,7d66d09a-4859-4b99-999c-490315fad293,https://watch.showrunnerapp.xyz/storage/v1/object/public/video-assets/gpt-image-sets/the_maruyama_residence_1787951532653_1787951532654_kfm23h0p47h.png
Blotter,The Crestwood Dunes ‘Stay-Cation’ Glamp-Site,bb46b755-b649-48fb-a74d-7310c7448712,https://watch.showrunnerapp.xyz/storage/v1/object/public/video-assets/gpt-image-sets/the_crestwood_dunes_stay-cation_glamp-site_1787951241179_1787951241179_d1i3as085fl.png
Blotter,The Crestwood Multi-Media Overlook,02702eca-b6d4-479b-bb89-b48be78a228e,https://watch.showrunnerapp.xyz/storage/v1/object/public/video-assets/gpt-image-sets/the_crestwood_multi-media_overlook_1787951214486_1787951214487_izprmp30k0o.png
CHANNEL 86,The Primary Broadcast Stage of Channel 86,984a8c57-65bb-4158-a660-93be9151b6b5,https://watch.showrunnerapp.xyz/storage/v1/object/public/video-assets/gpt-image-sets/the_primary_broadcast_stage_of_channel_86_1789767939401_1789767939401_tbkd0u3bqa.png
CHANNEL 86,The Mercer Living Room (Signal Bleed),3f903122-8846-4ce7-81fa-c1a958029d54,https://watch.showrunnerapp.xyz/storage/v1/object/public/video-assets/gpt-image-sets/the_mercer_living_room_signal_bleed_1789767109921_1789767109921_8n5oqdw0zl3.png
CHROMASHIFT: SENSORY COLLAPSE,The Prism-Bleached Basin,d610105a-d97c-447e-b595-304f27e0b4a7,https://watch.showrunnerapp.xyz/storage/v1/object/public/video-assets/gpt-image-sets/the_prism-bleached_basin_1789060606014_1789060606015_88r4wcba37c.png
CHROMASHIFT: SENSORY COLLAPSE,The Acheron Precipice,5f0e500c-ba13-43e9-80a6-52a72ed2e0c8,https://watch.showrunnerapp.xyz/storage/v1/object/public/video-assets/gpt-image-sets/the_acheron_precipice_1789060579906_1789060579906_n6kx28o10kk.png
CHROMASHIFT: SENSORY COLLAPSE,The Singularity Crevasse,0e29c5a9-70b2-4f42-97a1-350f7a95dc67,https://watch.showrunnerapp.xyz/storage/v1/object/public/video-assets/gpt-image-sets/the_singularity_crevasse_1789060571898_1789060571898_m2qtvgpzbrj.png
Cock Kung-Fu: The Legend of Noemotion,Primary Location,a0f3faba-67fd-45cb-9bfa-56a37baddf7e,https://watch.showrunnerapp.xyz/storage/v1/object/public/video-assets/gpt-image-sets/primary_location_1789484102498_1789484102498_n32fjlcugs.png
Cock Kung-Fu: The Legend of Noemotion,The Goldmask Briefing Room,54bd07f1-9621-4319-a0cb-41df0b7b5f61,https://watch.showrunnerapp.xyz/storage/v1/object/public/video-assets/gpt-image-sets/the_goldmask_briefing_room_1789489229084_1789489229084_7f01xomhmgt.png
Cock Kung-Fu: The Legend of Noemotion,The Safehouse Apartment,6dd54e41-701f-427f-ad24-c7541f15b4dd,https://watch.showrunnerapp.xyz/storage/v1/object/public/video-assets/gpt-image-sets/the_safehouse_apartment_1789487475590_1789487475591_18fub974rua.png
Cock Kung-Fu: The Legend of Noemotion,Cross Street Market,7a44d464-90e6-4790-993b-8a00332a9ab7,https://watch.showrunnerapp.xyz/storage/v1/object/public/video-assets/gpt-image-sets/cross_street_market_1789487557257_1789487557257_t1k4k2cq0vp.png
Cock Kung-Fu: The Legend of Noemotion,The Troll Street,8097d4b6-170c-452d-9a38-32ac88187a86,https://watch.showrunnerapp.xyz/storage/v1/object/public/video-assets/gpt-image-sets/the_troll_street_1789487626171_1789487626172_0fc0yvmw473o.png
Daydream State,Never-ending freefall,4428f666-a83d-4ada-8a72-1e6ac4c7569e,https://watch.showrunnerapp.xyz/storage/v1/object/public/video-assets/gpt-image-sets/never-ending_freefall_1789682192972_1789682192973_gfarekhpdf.png
Daydream State,Primary Location,1fcfebd0-41d4-4a19-87d7-b0a009a5e632,https://watch.showrunnerapp.xyz/storage/v1/object/public/video-assets/gpt-image-sets/primary_location_1789618331949_1789618331950_oubsrcb18dh.png
DreamOS: REWIND,The Substratum Studio,0e0e03e8-aa51-4e65-9903-1fece0b3f4ed,https://watch.showrunnerapp.xyz/storage/v1/object/public/video-assets/gpt-image-sets/the_substratum_studio_1788290274871_1788290274871_ub1gvu7fmsl.png
DreamOS: REWIND,The Transmission Vault,da8c5a2e-8797-4a66-8970-d0255f603f8c,https://watch.showrunnerapp.xyz/storage/v1/object/public/video-assets/gpt-image-sets/the_transmission_vault_1788230992447_1788230992447_cq9jrvjq5xw.png
Driftwave Static,The Glitch-Grit Concourse,3d176983-3e93-49ee-8824-e44a2164c65f,https://watch.showrunnerapp.xyz/storage/v1/object/public/video-assets/gpt-image-sets/the_glitch-grit_concourse_1790088476577_1790088476578_ut6pyi90sjb.png
Fat guy with cheese,The Infinite Green-Screen of Processed Souls,2dc10dac-59c1-4b5f-be23-d23bf1aa4f8a,https://watch.showrunnerapp.xyz/storage/v1/object/public/video-assets/imported-sets/the_infinite_green-screen_of_processed_souls_1780957166302_1780957166302_w30g89eve1.png
Fat guy with cheese,Chester's Lunar Sanctuary,8f90eff1-f725-4b89-b81b-e3058ee7ef29,https://watch.showrunnerapp.xyz/storage/v1/object/public/video-assets/imported-sets/chester_s_lunar_sanctuary_1780777375299_1780777375300_169npgxpnhn.png
Fat guy with cheese,The Blue Fermentation Chamber,92fcaca8-7388-476c-853a-a715a2ae4854,https://watch.showrunnerapp.xyz/storage/v1/object/public/video-assets/imported-sets/the_blue_fermentation_chamber_1780956901856_1780956901857_uhzstalpfhc.png
FEVER DREAM,The Signal Grotto,43b3bbe2-d05a-4548-87a1-dff11300d86a,https://watch.showrunnerapp.xyz/storage/v1/object/public/video-assets/gpt-image-sets/the_signal_grotto_1788289832659_1788289832660_je5hx1f697l.png
FEVER DREAM,The Ash-Grain Plateau,873cd794-23f3-407d-adbc-56c00d6f4781,https://watch.showrunnerapp.xyz/storage/v1/object/public/video-assets/gpt-image-sets/the_ash-grain_plateau_1788225879890_1788225879890_vo5rqhr7m89.png
Garbage blossoms,The Tesseract Nave,6bee9e34-3b29-4b31-9c55-c0a339d686b5,https://watch.showrunnerapp.xyz/storage/v1/object/public/video-assets/gpt-image-sets/the_tesseract_nave_1787805914294_1787805914294_sq2ebg806v.png
Grand Theft auto,Vice City Waterfront Strip,c8aab0a9-0fbb-4f43-9d9c-aebbea2d73db,https://watch.showrunnerapp.xyz/storage/v1/object/public/video-assets/gpt-image-sets/vice_city_waterfront_strip_1788209800092_1788209800092_uz6danhfpjj.png
Grand Theft auto,The Neon Grotto Social Club,08f3526a-8f8f-4186-9092-5e5c337f2c15,https://watch.showrunnerapp.xyz/storage/v1/object/public/video-assets/gpt-image-sets/the_neon_grotto_social_club_1788211937896_1788211937896_zfqo56e3lno.png
Grand Theft auto,The Cypress Bayou Overlook,534131c1-43af-41d9-8f50-737e3126cc75,https://watch.showrunnerapp.xyz/storage/v1/object/public/video-assets/gpt-image-sets/the_cypress_bayou_overlook_1788211964493_1788211964493_ubn885sm4fe.png
Grand Theft auto,The Mami's Market Plaza,13b610c9-7236-4d9e-854c-68f758e23331,https://watch.showrunnerapp.xyz/storage/v1/object/public/video-assets/gpt-image-sets/the_mami_s_market_plaza_1788212157742_1788212157742_xv1r0w68qdb.png
Gridwalker: The Last Mirage,The Gilded Rim of the Celestial Crucible,654af3f1-1b93-4fb1-8446-4eca933e0efc,https://watch.showrunnerapp.xyz/storage/v1/object/public/video-assets/gpt-image-sets/the_gilded_rim_of_the_celestial_crucible_1788420314582_1788420314583_ggl2on8w8rt.png
HOUSE PARTY,The Chromatic Canopy Conduit,77215c55-1131-4784-b635-2f70f700e061,https://watch.showrunnerapp.xyz/storage/v1/object/public/video-assets/gpt-image-sets/the_chromatic_canopy_conduit_1789384886263_1789384886263_n489u4gslnd.png
"In the future, there will be robots",Terra-Nova Neon Skyway District,673073e4-f55c-41bd-84cd-258848e06da0,https://watch.showrunnerapp.xyz/storage/v1/object/public/video-assets/gpt-image-sets/terra-nova_neon_skyway_district_1787947892845_1787947892845_d23ywok5xhw.png
"In the future, there will be robots",The Chronos-Pulse Broadcast Plaza,73d06805-a38d-4992-8956-65debaea166b,https://watch.showrunnerapp.xyz/storage/v1/object/public/video-assets/gpt-image-sets/the_chronos-pulse_broadcast_plaza_1788288072181_1788288072181_llxj8e0x6k.png
"In the future, there will be robots",The Imperial Plaza of the Apex Ascendancy,7d1ef5e2-1a3c-4368-85cd-c77fef3bb91a,https://watch.showrunnerapp.xyz/storage/v1/object/public/video-assets/gpt-image-sets/the_imperial_plaza_of_the_apex_ascendancy_1787964967465_1787964967466_kuhjpugq4m.png
"In the future, there will be robots",The Crystalline Wastes of Sector-9,d0c5a630-b11f-4386-bdba-20e769f7901d,https://watch.showrunnerapp.xyz/storage/v1/object/public/video-assets/gpt-image-sets/the_crystalline_wastes_of_sector-9_1787950883169_1787950883169_ehcroytkrzj.png
"In the future, there will be robots",The Stardust Sands Oasis,3361dd5b-c797-4aaf-ad4e-9c860f6730f9,https://watch.showrunnerapp.xyz/storage/v1/object/public/video-assets/gpt-image-sets/the_stardust_sands_oasis_1787950878084_1787950878084_qqjk7sd11br.png
"In the future, there will be robots",The Gouache Vistas of the Prime Quadrant,03d71da8-40d2-4636-82aa-f3dc31fbf93a,https://watch.showrunnerapp.xyz/storage/v1/object/public/video-assets/gpt-image-sets/the_gouache_vistas_of_the_prime_quadrant_1787950957769_1787950957770_ij4j9exkawr.png
Intermission: in between,The Parlor of Divergent Horizons,76805bbe-ba57-43a9-82ac-a655ce8a00ff,https://watch.showrunnerapp.xyz/storage/v1/object/public/video-assets/gpt-image-sets/the_parlor_of_divergent_horizons_1789290750452_1789290750452_6lpkojnze5p.png
Intermission: in between,The In Between Highway,8f43c847-3d58-481f-8512-11d19820c44f,https://watch.showrunnerapp.xyz/storage/v1/object/public/video-assets/gpt-image-sets/the_in_between_highway_1789290052202_1789290052202_j5k47ubz1u7.png
Island of Han: Art of the Godz,Primary Location,59e516dc-9e1c-44fe-a2c0-85b39547bb26,https://watch.showrunnerapp.xyz/storage/v1/object/public/video-assets/gpt-image-sets/primary_location_1790044365383_1790044365384_1tjyoile8uo.png
Let the Fire Burn,Primary Location,1a4fb903-8929-4deb-b961-eaeec87611e0,https://watch.showrunnerapp.xyz/storage/v1/object/public/video-assets/gpt-image-sets/primary_location_1789483889562_1789483889563_mxig5hn8t7d.png
Living Hell,The Broadcast Lounge,f186c2af-6da5-453f-8021-205f3010fb35,https://watch.showrunnerapp.xyz/storage/v1/object/public/video-assets/gpt-image-sets/the_broadcast_lounge_1788297566507_1788297566508_1jlno8mfcs7.png
Living Hell,The Benefactor's Bunker,28f144d1-abad-4bec-84ab-26fc16de085b,https://watch.showrunnerapp.xyz/storage/v1/object/public/video-assets/gpt-image-sets/the_benefactor_s_bunker_1788297546935_1788297546936_zt0s8ygv3h.png
Living Hell,The Rigged House,bade53ac-e58d-4ace-8804-eb0a567cfa7d,https://watch.showrunnerapp.xyz/storage/v1/object/public/video-assets/gpt-image-sets/the_rigged_house_1788296044796_1788296044797_vilzwqxh8bd.png
Living Hell,The Lore Nursery,c7cecc55-7f02-4b9b-95dd-8413cc1d64ac,https://watch.showrunnerapp.xyz/storage/v1/object/public/video-assets/gpt-image-sets/the_lore_nursery_1788296563216_1788296563216_l6thtj4l5dd.png
Modern analog,The Corse Porch,ad9b7a7a-c66e-4580-9ed6-8c0dd9ebe998,https://watch.showrunnerapp.xyz/storage/v1/object/public/video-assets/gpt-image-sets/the_corse_porch_1787968529955_1787968529956_ygaf18qi3k8.png
Monster Mash: After Hours,The Gloom-Shift Gable,c84c62ad-4ecb-4301-b63f-0abb00e3c4c0,https://watch.showrunnerapp.xyz/storage/v1/object/public/video-assets/gpt-image-sets/the_gloom-shift_gable_1784906012157_1784906012157_hak7i6z63bv.png
Monster Mash: After Hours,The Quota-Breaker Lounge,750293f4-7cde-4052-a2a9-b0b5305d8b1c,https://watch.showrunnerapp.xyz/storage/v1/object/public/video-assets/gpt-image-sets/the_quota-breaker_lounge_1784903143929_1784903143930_ru95rgt5tl.png
NIGHT-TAPE // REDLINE,The Violet Vortex Cabaret,a6864f9d-cc98-4ee3-8d24-461b2988be13,https://watch.showrunnerapp.xyz/storage/v1/object/public/video-assets/gpt-image-sets/the_violet_vortex_cabaret_1784671166178_1784671166178_5sjp8s16ap.png
NIGHT-TAPE // REDLINE,The Spectral Seraph Grove,a53f2eb0-e29d-490a-8ccb-54240bffacd5,https://watch.showrunnerapp.xyz/storage/v1/object/public/video-assets/gpt-image-sets/the_spectral_seraph_grove_1784664685804_1784664685804_fvo1eeffo3w.png
Nostalgia for a show that doesn’t exist,The Relic Porch,7799cc5b-4804-4c97-b290-4ccf8208ccd8,https://watch.showrunnerapp.xyz/storage/v1/object/public/video-assets/gpt-image-sets/the_relic_porch_1788004246216_1788004246216_9d7glj3kh2.png
Nostalgia for a show that doesn’t exist,The Flux-Point Crossing,52cb305d-ba5a-4089-a4b2-7e6d32dd937a,https://watch.showrunnerapp.xyz/storage/v1/object/public/video-assets/gpt-image-sets/the_flux-point_crossing_1788008705150_1788008705151_x8xy9k9r03f.png
Nostalgia for a show that doesn’t exist,The Static Skyline,305fc0dc-f47e-4927-baad-379ac054e38a,https://watch.showrunnerapp.xyz/storage/v1/object/public/video-assets/gpt-image-sets/the_static_skyline_1788004921168_1788004921169_1h75ubwyf6s.png
OS // b a r d o . exe,The corse porch,65ddd815-463b-4b4d-b364-a026d25646b2,https://watch.showrunnerapp.xyz/storage/v1/object/public/video-assets/gpt-image-sets/the_corse_porch_1788170089851_1788170089851_qpld3h6atjn.png
OS // b a r d o . exe,Home,84b28cf7-eca9-4864-a180-9a933def4da0,https://watch.showrunnerapp.xyz/storage/v1/object/public/video-assets/gpt-image-sets/home_1784938693772_1784938693773_4xfe3fcucz4.png
OS // b a r d o . exe,The Meadow,3b9bcd7e-488b-4a5a-8945-456bc4d37f85,https://watch.showrunnerapp.xyz/storage/v1/object/public/video-assets/gpt-image-sets/the_meadow_1784930645968_1784930645969_u9oyq6tgh0p.png
OVERSTIMULATED OLLIE,The Cosmic Throne Room,e9099d71-2c29-4a3f-8a51-8a4fdb81462b,https://watch.showrunnerapp.xyz/storage/v1/object/public/video-assets/gpt-image-sets/the_cosmic_throne_room_1784662857353_1784662857354_0eq4xspalufd.png
OVERSTIMULATED OLLIE,The Subterranean Signal Grotto,345dc75a-8234-411e-b6f4-48eca134e87d,https://watch.showrunnerapp.xyz/storage/v1/object/public/video-assets/gpt-image-sets/the_subterranean_signal_grotto_1788288566725_1788288566726_uj3alyqnrc.png
OVERSTIMULATED OLLIE,The Brain-Tree Orchard,0f55020e-0e35-4049-927c-eb47427845b6,https://watch.showrunnerapp.xyz/storage/v1/object/public/video-assets/gpt-image-sets/the_brain-tree_orchard_1784662969646_1784662969646_tsmq6a6vpsi.png
OVERSTIMULATED OLLIE,The Saline Salon of Receding Realities,ab2eaa13-9cc2-49b6-b9d5-4497555363be,https://watch.showrunnerapp.xyz/storage/v1/object/public/video-assets/gpt-image-sets/the_saline_salon_of_receding_realities_1788288623525_1788288623525_hcyhko4ti5a.png
Pleasant Acres,The Pleasant Acres Main Pavilion and Lake Grounds,185dbb67-b348-4279-b81c-96cc22cd4b64,https://watch.showrunnerapp.xyz/storage/v1/object/public/video-assets/gpt-image-sets/the_pleasant_acres_main_pavilion_and_lake_grounds_1789219909254_1789219909254_778tsaspjk.png
Pooty Resurgence,Primary Location,f675536c-7668-42ab-b764-a1cf5e219a44,https://watch.showrunnerapp.xyz/storage/v1/object/public/video-assets/gpt-image-sets/primary_location_1790044320499_1790044320500_6yt1fc2phx2.png
Recursive Metropolis,The Prime Broadcast Vault,b1eabe04-36b0-4505-abd8-c6a181e378ef,https://watch.showrunnerapp.xyz/storage/v1/object/public/video-assets/gpt-image-sets/the_prime_broadcast_vault_1789751545923_1789751545924_gbi07xu5vad.png
Recursive Metropolis,The Chromatic Verge,14103757-480a-40b7-bf8b-519126ab103a,https://watch.showrunnerapp.xyz/storage/v1/object/public/video-assets/gpt-image-sets/the_chromatic_verge_1789610432749_1789610432750_x3jor3rh3lh.png
Recursive Metropolis,The Somatic Sub-Sector,17b89667-a826-4a81-9142-ed84fa0e8095,https://watch.showrunnerapp.xyz/storage/v1/object/public/video-assets/gpt-image-sets/the_somatic_sub-sector_1789610790183_1789610790184_d9lf5e6v54r.png
Recursive Metropolis,The Scoured Quadrant,22b9904f-51a5-4f1f-a5d9-9320b06e280f,https://watch.showrunnerapp.xyz/storage/v1/object/public/video-assets/gpt-image-sets/the_scoured_quadrant_1789610494622_1789610494623_hxgdq6wiy9g.png
Recursive Metropolis,Primary Location,2898d07b-49a6-4b56-8851-2f36f23b99a4,https://watch.showrunnerapp.xyz/storage/v1/object/public/video-assets/gpt-image-sets/primary_location_1789594561407_1789594561408_nkzbo0thso.png
BUTTFACE FACTORY,The Chromatic Flux Workshop,79a9606c-a274-41ac-88bc-1eb9bc9dab4b,https://watch.showrunnerapp.xyz/storage/v1/object/public/video-assets/imported-sets/the_chromatic_flux_workshop_1781182525021_1781182525021_7xgedrks4or.png
BUTTFACE FACTORY,The Lower Gear-Spindle District,af68a3f6-c814-4245-8c29-2016ec1aad62,https://watch.showrunnerapp.xyz/storage/v1/object/public/video-assets/imported-sets/the_lower_gear-spindle_district_1781182531674_1781182531675_1eq0wktzk2n.png
ROBLOXIAN BACHELOR: Baddies in His World,The Bronze & Bitmapped Boudoir,9a7e2699-a4f0-45a7-9167-781af6ecab96,https://watch.showrunnerapp.xyz/storage/v1/object/public/video-assets/gpt-image-sets/environment_faithful_to_the_provided_reference_image_1789579501593_1789579501594_9w88oj4l8in.png
ROBLOXIAN BACHELOR: Baddies in His World,The Celestial Cerulean Terrace,649dbc9e-1702-4244-8287-8c535e153763,https://watch.showrunnerapp.xyz/storage/v1/object/public/video-assets/gpt-image-sets/the_celestial_cerulean_terrace_1789540979487_1789540979487_lq4i4q7gx1p.png
ROBLOXIAN BACHELOR: Baddies in His World,The Totem Tiki Lounge,7ea15c8f-176c-47c3-be22-3a7cce163180,https://watch.showrunnerapp.xyz/storage/v1/object/public/video-assets/gpt-image-sets/the_totem_tiki_lounge_1789540918589_1789540918590_sflaq12y80c.png
ROBLOXIAN BACHELOR: Baddies in His World,The Amber Aisle of Arrivals,c4c332a2-d2d5-48c8-a1ab-468a151658c6,https://watch.showrunnerapp.xyz/storage/v1/object/public/video-assets/gpt-image-sets/the_amber_aisle_of_arrivals_1789540900005_1789540900006_ji9f0bt4i9.png
First-Person Survival.exe,THE CRT CONSOLE,cb4b63b3-4e12-43cd-92f4-98d2e3f7358c,https://watch.showrunnerapp.xyz/storage/v1/object/public/video-assets/imported-sets/the_crt_console_1780917601819_1780917601820_e5926725v07.png
First-Person Survival.exe,THE CONTROL ROOM,c5da5cbb-2204-41fa-9f63-5a82a6dde55a,https://watch.showrunnerapp.xyz/storage/v1/object/public/video-assets/imported-sets/the_control_room_1780917576439_1780917576439_opbhlkm4jzp.png
First-Person Survival.exe,THE CRASH SITE MUD,4d70f0e7-bc16-433c-b986-b54dd2162d52,https://watch.showrunnerapp.xyz/storage/v1/object/public/video-assets/imported-sets/the_crash_site_mud_1780917265158_1780917265158_x9p54psrz5.png
Showrunner,Primary Location,cbe86b17-8245-46b6-b975-640b73c74ba2,https://watch.showrunnerapp.xyz/storage/v1/object/public/video-assets/gpt-image-sets/primary_location_1790042928956_1790042928956_p4ogh408p5j.png
#**SIGNAL DRIFT**#,The Corse Porch,8b141184-5451-486b-a9ed-02cf00f4df10,https://watch.showrunnerapp.xyz/storage/v1/object/public/video-assets/gpt-image-sets/the_corse_porch_1787989848561_1787989848562_e0f28csa7yk.png
#**SIGNAL DRIFT**#,The Buffer Bloom,39fb4d55-e50b-4879-a514-b93015e0c97c,https://watch.showrunnerapp.xyz/storage/v1/object/public/video-assets/gpt-image-sets/the_buffer_bloom_1784781985898_1784781985900_5v7n2sxm5vi.png
Smoker's Cough: Dimensions in Datamosh,The Overclockers' Casino Floor,902a1781-b73a-40b4-83b9-1514d668872c,https://watch.showrunnerapp.xyz/storage/v1/object/public/video-assets/gpt-image-sets/the_overclockers_casino_floor_1789526890351_1789526890352_w9mj1n3j5w.png
Tales of the Interdimensional Gold Mask,The Subsidized Bio-Fuel Interchange,f4feb1a9-2c46-4456-9d04-ff947a20bfb8,https://watch.showrunnerapp.xyz/storage/v1/object/public/video-assets/gpt-image-sets/the_subsidized_bio-fuel_interchange_1789543347767_1789543347767_89qk002zne.png
Tales of the Interdimensional Gold Mask,The Brutalist Drop Zone,a27fa790-8e46-41cd-9caf-203740790cae,https://watch.showrunnerapp.xyz/storage/v1/object/public/video-assets/gpt-image-sets/the_brutalist_drop_zone_1789485186161_1789485186162_eidbrkgddqi.png
Tales of the Interdimensional Gold Mask,The Overgrown Data-Farm,468d6182-483e-4b55-ad37-156339369c98,https://watch.showrunnerapp.xyz/storage/v1/object/public/video-assets/gpt-image-sets/the_overgrown_data-farm_1789485520343_1789485520343_4wzsgghcmi.png
Tales of the Interdimensional Gold Mask,The Flesh-Crafter's Kiosk,2bb0820b-ebd4-4ae1-8910-f583d68d11cb,https://watch.showrunnerapp.xyz/storage/v1/object/public/video-assets/gpt-image-sets/the_flesh-crafter_s_kiosk_1789485200608_1789485200608_20afxfexgos.png
Tales of the Interdimensional Gold Mask,Primary Location,3a0f6772-e41c-4db3-a9df-f4aadb23697e,https://watch.showrunnerapp.xyz/storage/v1/object/public/video-assets/gpt-image-sets/primary_location_1789482781230_1789482781231_k84upgkovom.png
Tales of the Interdimensional Gold Mask,The Gestation Slums,03380f42-15d2-4d9b-ab3e-1ad4f0b7bfd8,https://watch.showrunnerapp.xyz/storage/v1/object/public/video-assets/gpt-image-sets/the_gestation_slums_1789485589217_1789485589217_zg2oq0jts6.png
That Time Again with Al & Sloppy,Minecraft world,66ef8438-b5ee-4b29-b65c-4bf993419e60,https://watch.showrunnerapp.xyz/storage/v1/object/public/video-assets/gpt-image-sets/minecraft_world_1788287515468_1788287515469_y0llyo1unbb.png
That Time Again with Al & Sloppy,The Emerald Sunset Stage,a354946b-2dce-4711-95f1-c00465c2364c,https://watch.showrunnerapp.xyz/storage/v1/object/public/video-assets/gpt-image-sets/the_emerald_sunset_stage_1788886496905_1788886496905_17ry357p5a8j.png
That Time Again with Al & Sloppy,SHMOREZ DJ BOOTH,1ba39e5f-54c9-4178-ac7f-1dce271b46b3,https://watch.showrunnerapp.xyz/storage/v1/object/public/video-assets/gpt-image-sets/the_rig_the_campfire_core_1789430733975_1789430733976_voriw6cs4df.png
That Time Again with Al & Sloppy,The Hallucination Station,3a58eef5-2cbd-430c-92cf-45accde08f1f,https://watch.showrunnerapp.xyz/storage/v1/object/public/video-assets/gpt-image-sets/the_hallucination_station_1788646509545_1788646509548_si5m5ljgaga.png
That Time Again with Al & Sloppy,The Technicolor Time-Chamber,52a3e31a-029c-41db-8662-eddf21a4b42b,https://watch.showrunnerapp.xyz/storage/v1/object/public/video-assets/gpt-image-sets/the_technicolor_time-chamber_1788300757693_1788300757693_btfx9tomn9p.png
That Time Again with Al & Sloppy,The Painterly Public Access Studio,9f831fac-2c7c-48bf-9532-d5630155c19e,https://watch.showrunnerapp.xyz/storage/v1/object/public/video-assets/gpt-image-sets/the_painterly_public_access_studio_1788285711165_1788285711167_o5deynk90y.png
House party,The Salon of Vivid Residue,4b1d4cc0-72fa-4673-bf20-4b73eee15603,https://watch.showrunnerapp.xyz/storage/v1/object/public/video-assets/imported-sets/the_salon_of_vivid_residue_1783807450151_1783807450151_vjo3uy7x30m.png
House party,The Outskirts of Curated Oblivion,d3e7ef04-17fa-4754-9c37-3e70b9862935,https://watch.showrunnerapp.xyz/storage/v1/object/public/video-assets/imported-sets/the_outskirts_of_curated_oblivion_1783806795948_1783806795949_yqt40n825od.png
House party,The Portal of Discarded Chronologies,317b1822-3064-49d3-ab80-747cf4a19380,https://watch.showrunnerapp.xyz/storage/v1/object/public/video-assets/imported-sets/the_portal_of_discarded_chronologies_1781178744715_1781178744715_x4xctp97ymq.png
House party,The Chamber of Domestic Echoes,e9f02761-81c9-4f1c-9684-d11ade9a0fd6,https://watch.showrunnerapp.xyz/storage/v1/object/public/video-assets/imported-sets/the_chamber_of_domestic_echoes_1781178673032_1781178673032_9kqil0oi6mb.png
The Fading Age,The Gilded Slipstream,8b8df325-0a23-4445-bae1-1d30cdd95b35,https://watch.showrunnerapp.xyz/storage/v1/object/public/video-assets/gpt-image-sets/the_gilded_slipstream_1784689347233_1784689347233_5pppdcjlvwk.png
The Fading Age,The Static Suburbs,2964a07b-ed66-4dd3-be9f-876a0a1d6544,https://watch.showrunnerapp.xyz/storage/v1/object/public/video-assets/gpt-image-sets/the_static_suburbs_1784688453012_1784688453013_rswjo8508n.png
The Fading Age,The Prismatic Ziggurat,3b65236b-e1d4-4df0-8549-46582cf81756,https://watch.showrunnerapp.xyz/storage/v1/object/public/video-assets/gpt-image-sets/the_prismatic_ziggurat_1784689411120_1784689411121_bp88oxkus9g.png
The Fading Age,The Neon Stage,017d90a8-e68a-49cd-b7c7-68e9ae058258,https://watch.showrunnerapp.xyz/storage/v1/object/public/video-assets/gpt-image-sets/the_neon_stage_1784648329911_1784648329912_i7iocetf2l.png
The Fading Age,The Floral Liminality,1574a40f-58f9-4e2a-8036-884965ee159c,https://watch.showrunnerapp.xyz/storage/v1/object/public/video-assets/gpt-image-sets/the_floral_liminality_1784689773974_1784689773975_ylt5rzjb9qk.png
The Fading Age,The Submerged Intersection,f0c8de5c-53fa-4c49-bcde-8560bd36d6f3,https://watch.showrunnerapp.xyz/storage/v1/object/public/video-assets/gpt-image-sets/the_submerged_intersection_1784689202856_1784689202857_neud6p8qdr.png
The festival,The Totem Soundstage,1c1b6890-7785-4223-b306-8824dda2e9e7,https://watch.showrunnerapp.xyz/storage/v1/object/public/video-assets/gpt-image-sets/the_totem_soundstage_1786761528301_1786761528302_73tre8cd10t.png
The festival,The Outer Ridge Camping Precinct,3464054a-f55b-4214-9641-a423bffe3add,https://watch.showrunnerapp.xyz/storage/v1/object/public/video-assets/gpt-image-sets/the_outer_ridge_camping_precinct_1786752784497_1786752784498_bwsxoe9ou9h.png
G-O-D-Z-L-A-N-D,Interior sewer runoff,c9c5bd89-6a67-4724-9c22-aef1757cfb6d,https://watch.showrunnerapp.xyz/storage/v1/object/public/video-assets/gpt-image-sets/interior_sewer_runoff_1788394946193_1788394946193_2t70v9qszi9.png
G-O-D-Z-L-A-N-D,Exterior Stadium Concourse,c7f9e85a-a2b7-4f35-b41a-8ed55d7628e6,https://watch.showrunnerapp.xyz/storage/v1/object/public/video-assets/gpt-image-sets/exterior_stadium_concourse_1788391810468_1788391810469_bj2awvnecyp.png
G-O-D-Z-L-A-N-D,The confessional booth,fb8a25bf-9e7d-4e17-8ade-a4508c374ddd,https://watch.showrunnerapp.xyz/storage/v1/object/public/video-assets/gpt-image-sets/the_confessional_booth_1788391858199_1788391858200_h5nhrvngljd.png
The Great Mundane,The Sub-Grade Social-Recreational Sump,b321f25b-097f-46ba-9312-6db9be7199a2,https://watch.showrunnerapp.xyz/storage/v1/object/public/video-assets/gpt-image-sets/the_sub-grade_social-recreational_sump_1789327907204_1789327907205_fzc1or8cs76.png
The Great Mundane,The Vapor-Plume Residential Buffer Zone,07b1110b-5dc3-4deb-87e1-8e5fd08865ad,https://watch.showrunnerapp.xyz/storage/v1/object/public/video-assets/gpt-image-sets/the_vapor-plume_residential_buffer_zone_1789327788267_1789327788268_6muxk13crtm.png
The Great Mundane,The Crescent Eye Commuter Overpass,3cf32305-9c00-4eb1-b428-5358a8dafd52,https://watch.showrunnerapp.xyz/storage/v1/object/public/video-assets/gpt-image-sets/the_crescent_eye_commuter_overpass_1789327667004_1789327667005_efu4nfle9cu.png
The Hallucination Station,The Melting Crafts Kitchenette,60375d2b-93b9-49ed-b0d7-b853db7dd68f,https://watch.showrunnerapp.xyz/storage/v1/object/public/video-assets/gpt-image-sets/the_melting_crafts_kitchenette_1788627061176_1788627061176_vgt04f9edr.png
The Hallucination Station,The Archival Rehearsal Chamber,2697501e-f8cb-4d66-8dcf-e6570091cf80,https://watch.showrunnerapp.xyz/storage/v1/object/public/video-assets/gpt-image-sets/the_archival_rehearsal_chamber_1788625696009_1788625696010_qg792wmbfk.png
The Hallucination Station,The Styrofoam Wild-West Oasis,17860dd9-013f-4558-aae9-521d852d48a5,https://watch.showrunnerapp.xyz/storage/v1/object/public/video-assets/gpt-image-sets/the_styrofoam_wild-west_oasis_1788627106190_1788627106191_492o5qcw71l.png
The Hallucination Station,The Psychotropic Suburb,023fdd0e-0346-43e9-9b0a-b2ef7a2504bc,https://watch.showrunnerapp.xyz/storage/v1/object/public/video-assets/gpt-image-sets/the_psychotropic_suburb_1788624499121_1788624499122_d12dtv6c2we.png
THE LAST PARTY IN THE UNIVERSE,The Zenith Lounge,d08d9c1e-cbe1-4070-9e00-f230e9adf48d,https://watch.showrunnerapp.xyz/storage/v1/object/public/video-assets/gpt-image-sets/the_zenith_lounge_1789765920445_1789765920445_g5j24h9fyna.png
THE MAGNETIC BLEED,The corse porch,5749870b-9d77-4333-88d0-a9c6ce87e79a,https://watch.showrunnerapp.xyz/storage/v1/object/public/video-assets/gpt-image-sets/the_corse_porch_1788185733063_1788185733064_scy71mem80i.png
THE MAGNETIC BLEED,The Phosphor Colosseum,1b3761fd-6ba8-47fc-9ce2-a3e199209777,https://watch.showrunnerapp.xyz/storage/v1/object/public/video-assets/gpt-image-sets/the_phosphor_colosseum_1784696112682_1784696112682_noe1t9dva5j.png
THE MAGNETIC BLEED,The Frequency-Frozen Orchard,7176836e-ebd5-4e47-9063-f462e9ef1afc,https://watch.showrunnerapp.xyz/storage/v1/object/public/video-assets/gpt-image-sets/the_frequency-frozen_orchard_1784696175570_1784696175570_kqx9590nizd.png
THE MAGNETIC BLEED,The Horizontal-Sync Corridor,09065ddd-4e6f-4bfc-aba2-7f2765f2d4ad,https://watch.showrunnerapp.xyz/storage/v1/object/public/video-assets/gpt-image-sets/the_horizontal-sync_corridor_1784696635813_1784696635814_z8s0821dyf.png
The Final Trip,Home,c9564975-9d8e-4bba-8982-6ed01863a620,https://watch.showrunnerapp.xyz/storage/v1/object/public/video-assets/gpt-image-sets/home_1784938674846_1784938674846_cy3tn8p72di.png
The Final Trip,The Radiant Transit Vessel,06c2c1e0-69a5-4416-99fe-2af2c61f53b9,https://watch.showrunnerapp.xyz/storage/v1/object/public/video-assets/gpt-image-sets/the_radiant_transit_vessel_1784910416375_1784910416376_ykkf9xvxbbr.png
AS WE KNOW IT,The Carolina Threshold,0528ad0d-c94d-4c47-a335-eda1b82cc2c9,https://watch.showrunnerapp.xyz/storage/v1/object/public/video-assets/gpt-image-sets/the_carolina_threshold_1788132779078_1788132779078_si1i9owi3eg.png
AS WE KNOW IT,The Obsidian Shards,016a242e-bfb2-4bc7-b8e9-a24102b77215,https://watch.showrunnerapp.xyz/storage/v1/object/public/video-assets/gpt-image-sets/the_obsidian_shards_1788110475266_1788110475266_0z8r995ztzv.png
True love will find us in the end…,The big wave,0657ddf4-90ea-40db-ba21-661df8ccf346,https://watch.showrunnerapp.xyz/storage/v1/object/public/video-assets/gpt-image-sets/the_big_wave_1789944947485_1789944947485_a5pbc2i5rb7.png
True love will find us in the end…,The Feline-Fringe Forum,2ec69205-185c-4d6e-ac7d-51fc59e50a37,https://watch.showrunnerapp.xyz/storage/v1/object/public/video-assets/gpt-image-sets/the_feline-fringe_forum_1787735253142_1787735253142_j9z0itfie8.png
True love will find us in the end…,The Latticed-Gaze Liminality,14d36392-30b0-439e-878f-0307aff865a9,https://watch.showrunnerapp.xyz/storage/v1/object/public/video-assets/gpt-image-sets/the_latticed-gaze_liminality_1787735198920_1787735198921_mdmhrrsvy9p.png
True love will find us in the end…,The Bearded-Gable Hamlet,3581886e-a14e-49d0-bc36-62990dba07ae,https://watch.showrunnerapp.xyz/storage/v1/object/public/video-assets/gpt-image-sets/the_bearded-gable_hamlet_1787735205484_1787735205484_4uteuv9uvie.png
True love will find us in the end…,The Marrow-Rooted Bloom,71c71432-c70c-4720-bdb4-213a4636bf30,https://watch.showrunnerapp.xyz/storage/v1/object/public/video-assets/gpt-image-sets/the_marrow-rooted_bloom_1787735270789_1787735270789_fbwkeosyv7m.png
Wake up Sunshine!,The Corse House,6926b455-ed8d-47a1-91b0-ef78d30e1874,https://watch.showrunnerapp.xyz/storage/v1/object/public/video-assets/imported-sets/the_corse_house_1788157354012_1788157354013_e3tgqki6rch.png
Wake up Sunshine!,The Diamond Dividend District — Level Infinity Ascension,3509edc7-5d87-4608-bc82-8feab814d1d0,https://watch.showrunnerapp.xyz/storage/v1/object/public/video-assets/imported-sets/the_diamond_dividend_district_level_infinity_ascension_1787981825711_1787981825712_2npuf2g27d6.png
Wake up Sunshine!,The Synergy Slammer — Mobile Wellness Court,cd196475-694c-40da-844b-9d8ce759166e,https://watch.showrunnerapp.xyz/storage/v1/object/public/video-assets/imported-sets/the_synergy_slammer_mobile_wellness_court_1784243545363_1784243545363_j94lfuvocob.png
Wake up Sunshine!,The Founder’s Private Transit — Cabin 666,533e8782-063d-4e22-8a71-658f3236cab0,https://watch.showrunnerapp.xyz/storage/v1/object/public/video-assets/imported-sets/the_founder_s_private_transit_cabin_666_1784243496511_1784243496512_tz6pqxejoxk.png
When Ocean Meets Sky,The Fragmented Memoryscape,c71fd7ab-49b5-401a-915e-8f704c19596e,https://watch.showrunnerapp.xyz/storage/v1/object/public/video-assets/imported-sets/the_fragmented_memoryscape_1781092157665_1781092157666_aq3q7n8piu6.png
When Ocean Meets Sky,First meeting,504004b3-8a3b-47ca-bae0-72b0ed0d85b6,https://watch.showrunnerapp.xyz/storage/v1/object/public/video-assets/imported-sets/first_meeting_1781243258974_1781243258975_s4b3d5zj8lk.png
When Ocean Meets Sky,Kai’s bedroom (night primary-set),28d2b588-dd9a-4f32-85cc-bd2d1ca49a78,https://watch.showrunnerapp.xyz/storage/v1/object/public/video-assets/imported-sets/kai_s_bedroom_night_primary-set_1781218601198_1781218601200_depmm7dncmr.png
The Willow Drive Tape,The Willow Drive Rear Yard,6d21c3d7-1b4d-49a0-9519-0073e7ae0ba8,https://watch.showrunnerapp.xyz/storage/v1/object/public/video-assets/gpt-image-sets/the_willow_drive_rear_yard_1787470804187_1787470804188_zxuor64mctm.png
The Willow Drive Tape,The Willow Drive Perimeter Road,5f95e0ba-ef30-405a-ac9f-0f5069ec3954,https://watch.showrunnerapp.xyz/storage/v1/object/public/video-assets/gpt-image-sets/the_willow_drive_perimeter_road_1787440570967_1787440570967_yjp7ao3wf28.png
The Willow Drive Tape,Inside the family car,e1b7e896-195f-4134-ae57-04e75efc59fb,https://watch.showrunnerapp.xyz/storage/v1/object/public/video-assets/gpt-image-sets/inside_the_family_car_1787502519488_1787502519489_rfwocil4u7f.png
The Willow Drive Tape,Inside Stanly County jail,2a6c91bc-d748-4f0c-945b-eaf8bff30cbc,https://watch.showrunnerapp.xyz/storage/v1/object/public/video-assets/gpt-image-sets/inside_stanly_county_jail_1787470692635_1787470692635_9rhjy72ef6.png
The Willow Drive Tape,Ebenezer Road Fellowship Hall,ab95f31a-f856-4add-9403-24fc84569d0d,https://watch.showrunnerapp.xyz/storage/v1/object/public/video-assets/gpt-image-sets/ebenezer_road_fellowship_hall_1787440566371_1787440566372_x2t5woz1ugk.png
The Willow Drive Tape,Coley Store Road Residence,3fda42f3-6e49-4fc0-8693-08e0a27644de,https://watch.showrunnerapp.xyz/storage/v1/object/public/video-assets/gpt-image-sets/coley_store_road_residence_1787442789580_1787442789580_trvbkld9kpd.png
The Willow Drive Tape,Harold’s Basement Layout Table,2bef2601-8ff2-4ec7-9021-2de448c551fa,https://watch.showrunnerapp.xyz/storage/v1/object/public/video-assets/gpt-image-sets/harold_s_basement_layout_table_1787440622830_1787440622830_ov9moqyki4.png
