name,genre,episodes,scenes,tagline,logline,id,slug,url,poster_url
#**SIGNAL DRIFT**#,sci-fi,0,6,,,c6ae7323-e883-49fe-b4f5-bfbaebd634a8,signal-drift,https://www.showrunnerstudio.com/shows/signal-drift,https://watch.showrunnerapp.xyz/storage/v1/object/public/video-assets/c6ae7323-e883-49fe-b4f5-bfbaebd634a8/poster_1785731041374_aevqjjmwvrp.png
ACTION SQUAD NOW!,live-action,1,12,,,e696538a-600d-4a87-aa79-8ad919057cc7,action-league-now-b507f014,https://www.showrunnerstudio.com/shows/action-league-now-b507f014,https://watch.showrunnerapp.xyz/storage/v1/object/public/video-assets/e696538a-600d-4a87-aa79-8ad919057cc7/poster_1787710507875_c8zqqskzwcd.png
Amityville Candycorn,fantasy,0,0,,,8f52a6ad-cde6-471a-a07e-843784731d76,amityville-candycorn,https://www.showrunnerstudio.com/shows/amityville-candycorn,https://watch.showrunnerapp.xyz/storage/v1/object/public/video-assets/8f52a6ad-cde6-471a-a07e-843784731d76/poster_1789748140226_a3ms3alvg55.png
AS WE KNOW IT,sci-fi,1,12,,,fd5a42dc-5947-476d-a34a-a8d9b688c2ab,total-collapse,https://www.showrunnerstudio.com/shows/total-collapse,https://watch.showrunnerapp.xyz/storage/v1/object/public/video-assets/fd5a42dc-5947-476d-a34a-a8d9b688c2ab/poster_1788136587205_mz70j2hi3hr.png
Blotter,family,1,12,,,51326fa1-91be-49c3-a5a1-cb88dd261613,blotter-ba52cf9e,https://www.showrunnerstudio.com/shows/blotter-ba52cf9e,https://watch.showrunnerapp.xyz/storage/v1/object/public/video-assets/51326fa1-91be-49c3-a5a1-cb88dd261613/poster_1787963807640_65jftro2cy4.png
BUTTFACE FACTORY,family,1,5,,,257fb519-c296-4f10-aa20-0b645e009961,resonance-d1316448,https://www.showrunnerstudio.com/shows/resonance-d1316448,https://watch.showrunnerapp.xyz/storage/v1/object/public/video-assets/257fb519-c296-4f10-aa20-0b645e009961/poster_1781182243064_5en1rjohqn6.png
Center Core Nevermore,sci-fi,0,0,,,6491d876-3302-4e3f-bcd5-18f83d6bd69e,center-core-nevermore,https://www.showrunnerstudio.com/shows/center-core-nevermore,https://watch.showrunnerapp.xyz/storage/v1/object/public/video-assets/6491d876-3302-4e3f-bcd5-18f83d6bd69e/poster_1790071031386_r8c1661squs.png
CHANNEL 86,horror,0,3,,,0593b191-9a1d-4d86-a177-d41027b6ed09,channel-86,https://www.showrunnerstudio.com/shows/channel-86,https://watch.showrunnerapp.xyz/storage/v1/object/public/video-assets/0593b191-9a1d-4d86-a177-d41027b6ed09/poster_1789778604500_ubx07r5n5y.png
CHROMASHIFT: SENSORY COLLAPSE,anime,1,6,,,e1e82da6-9cc4-4460-b744-a85cba683cbd,chromashift-sensory-collapse,https://www.showrunnerstudio.com/shows/chromashift-sensory-collapse,https://watch.showrunnerapp.xyz/storage/v1/object/public/video-assets/e1e82da6-9cc4-4460-b744-a85cba683cbd/poster_1789062131300_7ngk5d477sp.png
Cock Kung-Fu: The Legend of Noemotion,fantasy,1,8,,,ff20e589-7d68-4242-bddf-ed4cf96f0d43,cock-kung-fu-the-legend-of-noemotion,https://www.showrunnerstudio.com/shows/cock-kung-fu-the-legend-of-noemotion,https://watch.showrunnerapp.xyz/storage/v1/object/public/video-assets/ff20e589-7d68-4242-bddf-ed4cf96f0d43/poster_1789489494795_d8jqwmuoe77.png
Daydream State,sci-fi,0,3,,,f6518d44-67d9-4966-b727-59286371c6ad,daydream-state,https://www.showrunnerstudio.com/shows/daydream-state,https://watch.showrunnerapp.xyz/storage/v1/object/public/video-assets/f6518d44-67d9-4966-b727-59286371c6ad/poster_1789618466325_rzb7xuya4zl.png
DreamOS: REWIND,sci-fi,1,5,,,a8d26606-e336-48f7-9272-aeedf1125ea5,dreamos-rewind,https://www.showrunnerstudio.com/shows/dreamos-rewind,https://watch.showrunnerapp.xyz/storage/v1/object/public/video-assets/a8d26606-e336-48f7-9272-aeedf1125ea5/poster_1788231124685_syyq6ju8qy9.png
Driftwave Static,sci-fi,0,1,,,66ba396d-c6fd-4431-865f-e587b3d8ef9e,driftwave-static,https://www.showrunnerstudio.com/shows/driftwave-static,https://watch.showrunnerapp.xyz/storage/v1/object/public/video-assets/66ba396d-c6fd-4431-865f-e587b3d8ef9e/poster_1790043499891_ph5kelc9me.png
Fat guy with cheese,horror,3,12,,,fe017f26-9deb-43f6-bb7b-a50bfeb1c45a,fat-guy-with-cheese,https://www.showrunnerstudio.com/shows/fat-guy-with-cheese,https://watch.showrunnerapp.xyz/storage/v1/object/public/video-assets/fe017f26-9deb-43f6-bb7b-a50bfeb1c45a/poster_1780777178214_iiwfy6535hs.png
FEVER DREAM,horror,0,6,,,03265c70-17df-48c5-9236-47f764790a16,fever-dream-3cd2f5dc,https://www.showrunnerstudio.com/shows/fever-dream-3cd2f5dc,https://watch.showrunnerapp.xyz/storage/v1/object/public/video-assets/03265c70-17df-48c5-9236-47f764790a16/poster_1788225107555_imsyel1b66.png
First-Person Survival.exe,horror,4,12,,,9ebf25ec-18e3-42aa-a244-7d9a62ca8d06,seven-days,https://www.showrunnerstudio.com/shows/seven-days,https://watch.showrunnerapp.xyz/storage/v1/object/public/video-assets/9ebf25ec-18e3-42aa-a244-7d9a62ca8d06/poster_1780926175825_r2w0zc0fc7.png
G-O-D-Z-L-A-N-D,reality-tv,1,12,,,d68ad0d1-afb4-43d9-bb62-1c7bbaee20c7,the-goldmask-show,https://www.showrunnerstudio.com/shows/the-goldmask-show,https://watch.showrunnerapp.xyz/storage/v1/object/public/video-assets/d68ad0d1-afb4-43d9-bb62-1c7bbaee20c7/poster_1788394683905_jhcxjalih78.png
Garbage blossoms,fantasy,0,1,,,83c76d3f-8e56-49f3-9e74-9c7bb4deeeff,garbage-blossoms,https://www.showrunnerstudio.com/shows/garbage-blossoms,https://watch.showrunnerapp.xyz/storage/v1/object/public/video-assets/83c76d3f-8e56-49f3-9e74-9c7bb4deeeff/poster_1787806051551_22jr7v4gh5h.png
Grand Theft auto,crime,0,11,,,7462ff3a-cbf3-4b53-84cf-7af889fd89a5,grand-theft-auto-bcf6628e,https://www.showrunnerstudio.com/shows/grand-theft-auto-bcf6628e,https://watch.showrunnerapp.xyz/storage/v1/object/public/video-assets/7462ff3a-cbf3-4b53-84cf-7af889fd89a5/poster_1790089126286_f4c0l7pvohd.png
Gridwalker: The Last Mirage,sci-fi,0,2,,,c0885239-78fa-42fd-ac39-8bd99ae4e48c,gridwalker-the-last-mirage,https://www.showrunnerstudio.com/shows/gridwalker-the-last-mirage,https://watch.showrunnerapp.xyz/storage/v1/object/public/video-assets/c0885239-78fa-42fd-ac39-8bd99ae4e48c/poster_1788462879051_duzeo7f58a7.png
HOUSE PARTY,anime,0,1,,,3d1025bf-aba9-4a49-bed5-f778bb1e6258,house-party,https://www.showrunnerstudio.com/shows/house-party,https://watch.showrunnerapp.xyz/storage/v1/object/public/video-assets/3d1025bf-aba9-4a49-bed5-f778bb1e6258/poster_1789435034837_0l3bz0upvhs.png
House party,family,1,12,,,638d30a0-08a7-4384-bd14-cbd8c60b5591,the-architecture-of-echoes,https://www.showrunnerstudio.com/shows/the-architecture-of-echoes,https://watch.showrunnerapp.xyz/storage/v1/object/public/video-assets/638d30a0-08a7-4384-bd14-cbd8c60b5591/poster_1781178767107_dac59k3bmd4.png
"In the future, there will be robots",sci-fi,1,12,,,ae004aef-38c6-42b3-96c9-7dd7fff14315,in-the-future-there-will-be-robots,https://www.showrunnerstudio.com/shows/in-the-future-there-will-be-robots,https://watch.showrunnerapp.xyz/storage/v1/object/public/video-assets/ae004aef-38c6-42b3-96c9-7dd7fff14315/poster_1787965129838_q0bshmbjazp.png
Intermission: in between,fantasy,1,6,,,bf5f00b2-f02d-4ca2-a340-3252320a0d15,intermission-in-between,https://www.showrunnerstudio.com/shows/intermission-in-between,https://watch.showrunnerapp.xyz/storage/v1/object/public/video-assets/reference-images/bf5f00b2-f02d-4ca2-a340-3252320a0d15/BE23CA4C-3D48-4AA4-9994-E429EA302B7A.jpg
Island of Han: Art of the Godz,sci-fi,0,1,,,e681fea0-cebb-4874-99c9-2a50f5215338,island-of-han-art-of-the-godz,https://www.showrunnerstudio.com/shows/island-of-han-art-of-the-godz,https://watch.showrunnerapp.xyz/storage/v1/object/public/video-assets/e681fea0-cebb-4874-99c9-2a50f5215338/poster_1790044484720_h1sh7mkqwz6.png
Let the Fire Burn,sci-fi,0,1,,,f2a6345e-9400-46a6-9d75-4d62b57f097a,let-the-fire-burn,https://www.showrunnerstudio.com/shows/let-the-fire-burn,https://watch.showrunnerapp.xyz/storage/v1/object/public/video-assets/f2a6345e-9400-46a6-9d75-4d62b57f097a/poster_1789484014170_8q8se9khphn.png
Living Hell,reality-tv,4,12,,,f1d49f04-8703-4e91-93cb-d91202f047b4,living-hell,https://www.showrunnerstudio.com/shows/living-hell,https://watch.showrunnerapp.xyz/storage/v1/object/public/video-assets/f1d49f04-8703-4e91-93cb-d91202f047b4/poster_1788298016921_dqizzue34w.png
Modern analog,sci-fi,0,12,,,b13b0cbb-99ea-4786-8bad-b242def4042d,modern-analog,https://www.showrunnerstudio.com/shows/modern-analog,https://watch.showrunnerapp.xyz/storage/v1/object/public/video-assets/b13b0cbb-99ea-4786-8bad-b242def4042d/poster_1787970949871_lh6br16fre.png
Monster Mash: After Hours,drama,1,12,,,0cf1d035-1852-40f5-acfd-0b6f878a1aef,monster-mash-after-hours,https://www.showrunnerstudio.com/shows/monster-mash-after-hours,https://watch.showrunnerapp.xyz/storage/v1/object/public/video-assets/0cf1d035-1852-40f5-acfd-0b6f878a1aef/poster_1784913390725_4p6ajl4h73t.png
NIGHT-TAPE // REDLINE,western,2,12,,,78695815-e4bd-4db0-9c16-43136cfbf444,night-tape-redline,https://www.showrunnerstudio.com/shows/night-tape-redline,https://watch.showrunnerapp.xyz/storage/v1/object/public/video-assets/78695815-e4bd-4db0-9c16-43136cfbf444/poster_1784672597556_ulptiky2ikc.png
Nostalgia for a show that doesn’t exist,sci-fi,0,10,,,cb58e6d0-db97-494a-9832-42eea23193b6,nostalgia-for-a-show-that-doesn-t-exist,https://www.showrunnerstudio.com/shows/nostalgia-for-a-show-that-doesn-t-exist,https://watch.showrunnerapp.xyz/storage/v1/object/public/video-assets/cb58e6d0-db97-494a-9832-42eea23193b6/poster_1788005369318_2caij5k0c4o.png
OS // b a r d o . exe,sci-fi,2,12,,,766adb8b-d442-40de-b295-936414e562d3,os-b-a-r-d-o-exe,https://www.showrunnerstudio.com/shows/os-b-a-r-d-o-exe,https://watch.showrunnerapp.xyz/storage/v1/object/public/video-assets/766adb8b-d442-40de-b295-936414e562d3/poster_1784930792288_v8ou730ot8.png
OVERSTIMULATED OLLIE,family,5,12,,,11f21093-3bfb-4db1-98a1-b0be07376a09,overstimulated-ollie,https://www.showrunnerstudio.com/shows/overstimulated-ollie,https://watch.showrunnerapp.xyz/storage/v1/object/public/video-assets/11f21093-3bfb-4db1-98a1-b0be07376a09/poster_1784781440004_5378dycszgg.png
Pleasant Acres,drama,0,1,,,f18e61ca-4f84-4c76-88cb-00e00da86b07,pleasant-acres,https://www.showrunnerstudio.com/shows/pleasant-acres,https://watch.showrunnerapp.xyz/storage/v1/object/public/video-assets/f18e61ca-4f84-4c76-88cb-00e00da86b07/poster_1789223650491_m1bf6itifrr.png
Pooty Resurgence,sci-fi,0,1,,,3529e141-995a-40c1-b0ca-952658d8008d,pooty-resurgence,https://www.showrunnerstudio.com/shows/pooty-resurgence,https://watch.showrunnerapp.xyz/storage/v1/object/public/video-assets/3529e141-995a-40c1-b0ca-952658d8008d/poster_1790044424171_56xdkvm7cyx.png
Recursive Metropolis,sci-fi,0,10,,,622141b4-fb42-43d7-8c7d-52d34b87069e,recursive-metropolis,https://www.showrunnerstudio.com/shows/recursive-metropolis,https://watch.showrunnerapp.xyz/storage/v1/object/public/video-assets/622141b4-fb42-43d7-8c7d-52d34b87069e/poster_1790090084573_yx9ugcx40q.png
ROBLOXIAN BACHELOR: Baddies in His World,reality-tv,1,6,,,6b5c1d35-7ad0-47b0-9abe-d0bea212516b,robloxian-bachelor-baddies-in-his-world,https://www.showrunnerstudio.com/shows/robloxian-bachelor-baddies-in-his-world,https://watch.showrunnerapp.xyz/storage/v1/object/public/video-assets/6b5c1d35-7ad0-47b0-9abe-d0bea212516b/poster_1789544324751_h2ve6tzds2.png
Scrambled Porn,drama,0,0,,,0cec8c6c-9f49-4a5a-a964-3f7192233f26,scrambled-porn,https://www.showrunnerstudio.com/shows/scrambled-porn,https://watch.showrunnerapp.xyz/storage/v1/object/public/video-assets/0cec8c6c-9f49-4a5a-a964-3f7192233f26/poster_1788147386570_yazna7l16i.png
Showrunner,sci-fi,0,1,,,79434cb1-da86-4571-a6da-8b364396c1d4,showrunner,https://www.showrunnerstudio.com/shows/showrunner,https://watch.showrunnerapp.xyz/storage/v1/object/public/video-assets/79434cb1-da86-4571-a6da-8b364396c1d4/poster_1790043066103_t6ae0chciu.png
Smoker's Cough: Dimensions in Datamosh,sci-fi,0,2,,,933e0521-a815-40bd-9cc2-696eacf8cfd5,smoker-s-cough-dimensions-in-datamosh,https://www.showrunnerstudio.com/shows/smoker-s-cough-dimensions-in-datamosh,https://watch.showrunnerapp.xyz/storage/v1/object/public/video-assets/933e0521-a815-40bd-9cc2-696eacf8cfd5/poster_1789440516044_7x8eegfj7ik.png
Tales of the Interdimensional Gold Mask,sci-fi,1,12,,,3c3d9319-b48c-425a-bed6-b6ab039fa69c,tales-of-the-interdimensional-gold-mask,https://www.showrunnerstudio.com/shows/tales-of-the-interdimensional-gold-mask,https://watch.showrunnerapp.xyz/storage/v1/object/public/video-assets/3c3d9319-b48c-425a-bed6-b6ab039fa69c/poster_1789482899618_0fmtli2xwzej.png
That Time Again with Al & Sloppy,comedy,11,12,,,6016df4d-ab12-40f0-8bd1-776acf16f83d,that-time-again-with-al-sloppy-556ffae1,https://www.showrunnerstudio.com/shows/that-time-again-with-al-sloppy-556ffae1,https://watch.showrunnerapp.xyz/storage/v1/object/public/video-assets/reference-images/6016df4d-ab12-40f0-8bd1-776acf16f83d/1583C22A-4B83-4DD1-8045-844CD2830F44.jpg
The Daytime talk show,reality-tv,2,0,,"All scream, no silence. A show dedicated to the moment people lose their cool. Focused on high-energy reactions—guests jumping, pointing fingers, and screaming until they lose their voices. It captures the chaotic spirit of daytime TV where the most important thing is being the loudest person in the room.",2e21df48-dd6e-48b4-a517-fa2086d3fb98,the-daytime-talk-show,https://www.showrunnerstudio.com/shows/the-daytime-talk-show,https://watch.showrunnerapp.xyz/storage/v1/object/public/video-assets/2e21df48-dd6e-48b4-a517-fa2086d3fb98/poster_1789609886222_p9vttsiqjt.png
The Fading Age,comedy,2,12,,,b4b6e97a-58d6-4354-927e-0957fd0e7fb8,the-fading-age,https://www.showrunnerstudio.com/shows/the-fading-age,https://watch.showrunnerapp.xyz/storage/v1/object/public/video-assets/b4b6e97a-58d6-4354-927e-0957fd0e7fb8/poster_1784690551151_6wlipgktb4k.png
The festival,comedy,1,3,,,de82b5d5-625d-4855-99a1-4e53b3805aad,the-festival,https://www.showrunnerstudio.com/shows/the-festival,https://watch.showrunnerapp.xyz/storage/v1/object/public/video-assets/de82b5d5-625d-4855-99a1-4e53b3805aad/poster_1786761871981_vt35aq9oyoi.png
The Final Trip,action-and-adventure,1,12,,,05a847f2-23a6-4310-97fb-2f648316f342,they-final-trip,https://www.showrunnerstudio.com/shows/they-final-trip,https://watch.showrunnerapp.xyz/storage/v1/object/public/video-assets/05a847f2-23a6-4310-97fb-2f648316f342/poster_1790088898285_liggx1zp9v.png
The Great Mundane,comedy,1,5,,,150235cd-f93e-4e09-8527-967f918a0811,the-great-mundane,https://www.showrunnerstudio.com/shows/the-great-mundane,https://watch.showrunnerapp.xyz/storage/v1/object/public/video-assets/150235cd-f93e-4e09-8527-967f918a0811/poster_1789328344757_8i9nhqsoj1a.png
The Hallucination Station,horror,2,12,,,823e4bab-5e2f-419e-a05e-1a571199adff,the-hallucination-station,https://www.showrunnerstudio.com/shows/the-hallucination-station,https://watch.showrunnerapp.xyz/storage/v1/object/public/video-assets/reference-images/823e4bab-5e2f-419e-a05e-1a571199adff/2F793ECF-3BB7-4D56-B9BF-B2E9E713C72D.jpg
the last organic witness,anime,0,12,,,5906ece9-f654-4146-8621-8dc4745037f9,biomechanical-solarpunk-metropolis-the-threshold-of-collapse,https://www.showrunnerstudio.com/shows/biomechanical-solarpunk-metropolis-the-threshold-of-collapse,https://watch.showrunnerapp.xyz/storage/v1/object/public/video-assets/5906ece9-f654-4146-8621-8dc4745037f9/poster_1788124049370_2mcsxif7agh.png
THE LAST PARTY IN THE UNIVERSE,sci-fi,0,1,,,cc1223b4-0df2-46cd-975c-c706fbc99e71,the-last-party-in-the-universe,https://www.showrunnerstudio.com/shows/the-last-party-in-the-universe,https://watch.showrunnerapp.xyz/storage/v1/object/public/video-assets/cc1223b4-0df2-46cd-975c-c706fbc99e71/poster_1789766252600_tpmgitm6t6m.png
THE MAGNETIC BLEED,sci-fi,1,12,,,809a5028-3c35-4c09-b798-fd34e8092f8a,the-magnetic-bleed,https://www.showrunnerstudio.com/shows/the-magnetic-bleed,https://watch.showrunnerapp.xyz/storage/v1/object/public/video-assets/809a5028-3c35-4c09-b798-fd34e8092f8a/poster_1784700978701_tj9ls8t3ck.png
The Willow Drive Tape,horror,1,8,,,f201852f-79d6-4c64-94cd-1845645018b6,willow-drive,https://www.showrunnerstudio.com/shows/willow-drive,https://watch.showrunnerapp.xyz/storage/v1/object/public/video-assets/reference-images/f201852f-79d6-4c64-94cd-1845645018b6/C7E381B6-7A9B-4C44-A6CF-F381293431CD.jpg
True love will find us in the end…,romance,5,12,,,68a918b7-299c-4071-ae5c-95b6a33b3b6a,true-love-will-find-us-in-the-end,https://www.showrunnerstudio.com/shows/true-love-will-find-us-in-the-end,https://watch.showrunnerapp.xyz/storage/v1/object/public/video-assets/68a918b7-299c-4071-ae5c-95b6a33b3b6a/poster_1787737679676_qms8k5vgdf.png
Wake up Sunshine!,sci-fi,2,12,,,da39e593-6424-46ed-b344-e552264b8494,wake-up-sunshine,https://www.showrunnerstudio.com/shows/wake-up-sunshine,https://watch.showrunnerapp.xyz/storage/v1/object/public/video-assets/da39e593-6424-46ed-b344-e552264b8494/poster_1784229332151_ht61d3io9s.png
When Ocean Meets Sky,anime,5,12,,,5866e2a4-af81-47ba-b4ec-fcad0a8d898f,when-ocean-meets-sky,https://www.showrunnerstudio.com/shows/when-ocean-meets-sky,https://watch.showrunnerapp.xyz/storage/v1/object/public/video-assets/5866e2a4-af81-47ba-b4ec-fcad0a8d898f/poster_1781095834895_jkysd09qzi.png
When the World Was Turned by Hand,sci-fi,0,0,,,48ee4147-219b-4d1b-8df5-9d8a0f71ad67,when-the-world-was-turned-by-hand,https://www.showrunnerstudio.com/shows/when-the-world-was-turned-by-hand,https://watch.showrunnerapp.xyz/storage/v1/object/public/video-assets/48ee4147-219b-4d1b-8df5-9d8a0f71ad67/poster_1790071495111_dxs3d5syeqb.png
